"code","HSK_regio","Vestiging","type","Jaar_Startdatum","aantal"
"GM0003","Zwolle","Groningen","BGGZ",2014,2
"GM0003","Zwolle","Groningen","DBC",2014,3
"GM0009","Zwolle","Groningen","BGGZ",2014,5
"GM0009","Zwolle","Groningen","DBC",2014,2
"GM0010","Zwolle","Groningen","BGGZ",2014,2
"GM0010","Zwolle","Groningen","DBC",2014,3
"GM0014","Zwolle","Assen","BGGZ",2014,2
"GM0014","Zwolle","Groningen","BGGZ",2014,65
"GM0014","Zwolle","Groningen","DBC",2014,62
"GM0014","Zwolle","Hoogeveen","BGGZ",2014,3
"GM0014","Zwolle","Leeuwarden","BGGZ",2014,1
"GM0014","Zwolle","Leeuwarden","DBC",2014,2
"GM0014","Zwolle","Zwolle","BGGZ",2014,1
"GM0015","Zwolle","Groningen","DBC",2014,1
"GM0017","Zwolle","Groningen","BGGZ",2014,3
"GM0017","Zwolle","Groningen","DBC",2014,4
"GM0018","Zwolle","Groningen","BGGZ",2014,8
"GM0018","Zwolle","Groningen","DBC",2014,7
"GM0022","Zwolle","Groningen","BGGZ",2014,2
"GM0022","Zwolle","Groningen","DBC",2014,2
"GM0025","Zwolle","Groningen","DBC",2014,3
"GM0034","Amsterdam","Amsterdam","BGGZ",2014,13
"GM0034","Amsterdam","Amsterdam","DBC",2014,30
"GM0034","Amsterdam","Zaandam","BGGZ",2014,1
"GM0034","Den Bosch","E.C. Tics","DBC",2014,1
"GM0034","Utrecht","Amersfoort","BGGZ",2014,23
"GM0034","Utrecht","Amersfoort","DBC",2014,9
"GM0034","Utrecht","E.C. Conversie","DBC",2014,2
"GM0034","Utrecht","Utrecht","BGGZ",2014,4
"GM0034","Utrecht","Utrecht","DBC",2014,3
"GM0034","Zwolle","Zwolle","BGGZ",2014,1
"GM0037","Zwolle","Groningen","BGGZ",2014,1
"GM0037","Zwolle","Groningen","DBC",2014,1
"GM0040","Zwolle","Groningen","BGGZ",2014,3
"GM0040","Zwolle","Groningen","DBC",2014,3
"GM0047","Zwolle","Groningen","BGGZ",2014,2
"GM0047","Zwolle","Groningen","DBC",2014,2
"GM0048","Zwolle","Assen","DBC",2014,1
"GM0050","Utrecht","Amersfoort","BGGZ",2014,1
"GM0050","Utrecht","Amersfoort","DBC",2014,2
"GM0050","Zwolle","Zwolle","BGGZ",2014,1
"GM0051","Zwolle","Leeuwarden","BGGZ",2014,4
"GM0051","Zwolle","Leeuwarden","DBC",2014,1
"GM0053","Zwolle","Groningen","BGGZ",2014,9
"GM0053","Zwolle","Groningen","DBC",2014,4
"GM0055","Zwolle","Leeuwarden","BGGZ",2014,3
"GM0055","Zwolle","Leeuwarden","DBC",2014,2
"GM0056","Zwolle","Groningen","BGGZ",2014,3
"GM0056","Zwolle","Groningen","DBC",2014,4
"GM0058","Zwolle","Groningen","BGGZ",2014,1
"GM0059","Zwolle","Groningen","BGGZ",2014,2
"GM0059","Zwolle","Groningen","DBC",2014,2
"GM0059","Zwolle","Leeuwarden","BGGZ",2014,3
"GM0059","Zwolle","Leeuwarden","DBC",2014,3
"GM0063","Zwolle","Leeuwarden","BGGZ",2014,1
"GM0063","Zwolle","Leeuwarden","DBC",2014,2
"GM0070","Zwolle","Leeuwarden","DBC",2014,3
"GM0072","Zwolle","Leeuwarden","BGGZ",2014,1
"GM0072","Zwolle","Leeuwarden","DBC",2014,4
"GM0074","Utrecht","E.C. Conversie","DBC",2014,1
"GM0074","Zwolle","Groningen","DBC",2014,1
"GM0074","Zwolle","Hoogeveen","BGGZ",2014,1
"GM0074","Zwolle","Leeuwarden","BGGZ",2014,3
"GM0074","Zwolle","Leeuwarden","DBC",2014,3
"GM0074","Zwolle","Zwolle","DBC",2014,1
"GM0079","Zwolle","Leeuwarden","BGGZ",2014,2
"GM0080","Zwolle","Leeuwarden","BGGZ",2014,14
"GM0080","Zwolle","Leeuwarden","DBC",2014,14
"GM0081","Zwolle","Leeuwarden","BGGZ",2014,2
"GM0081","Zwolle","Leeuwarden","DBC",2014,1
"GM0082","Utrecht","E.C. Conversie","DBC",2014,1
"GM0082","Zwolle","Leeuwarden","BGGZ",2014,2
"GM0082","Zwolle","Leeuwarden","DBC",2014,1
"GM0085","Zwolle","Assen","BGGZ",2014,3
"GM0085","Zwolle","Assen","DBC",2014,3
"GM0086","Zwolle","Assen","BGGZ",2014,1
"GM0086","Zwolle","Groningen","BGGZ",2014,3
"GM0086","Zwolle","Leeuwarden","BGGZ",2014,4
"GM0090","Utrecht","E.C. Conversie","DBC",2014,1
"GM0090","Zwolle","Groningen","BGGZ",2014,2
"GM0090","Zwolle","Groningen","DBC",2014,2
"GM0090","Zwolle","Leeuwarden","BGGZ",2014,1
"GM0090","Zwolle","Leeuwarden","DBC",2014,1
"GM0093","Zwolle","Leeuwarden","BGGZ",2014,1
"GM0098","Zwolle","Assen","BGGZ",2014,1
"GM0098","Zwolle","Hoogeveen","BGGZ",2014,1
"GM0106","Utrecht","E.C. Conversie","DBC",2014,1
"GM0106","Zwolle","Assen","BGGZ",2014,36
"GM0106","Zwolle","Assen","DBC",2014,29
"GM0106","Zwolle","Groningen","BGGZ",2014,1
"GM0106","Zwolle","Groningen","DBC",2014,3
"GM0106","Zwolle","Zwolle","DBC",2014,1
"GM0109","Den Bosch","Nijmegen","DBC",2014,1
"GM0109","Zwolle","Assen","DBC",2014,1
"GM0109","Zwolle","Hoogeveen","BGGZ",2014,11
"GM0109","Zwolle","Hoogeveen","DBC",2014,5
"GM0114","Zwolle","Assen","DBC",2014,1
"GM0114","Zwolle","Hoogeveen","BGGZ",2014,18
"GM0114","Zwolle","Hoogeveen","DBC",2014,5
"GM0118","Arnhem","Hengelo","DBC",2014,1
"GM0118","Zwolle","Assen","BGGZ",2014,3
"GM0118","Zwolle","Assen","DBC",2014,1
"GM0118","Zwolle","Groningen","BGGZ",2014,1
"GM0118","Zwolle","Groningen","DBC",2014,2
"GM0118","Zwolle","Hoogeveen","BGGZ",2014,145
"GM0118","Zwolle","Hoogeveen","DBC",2014,71
"GM0118","Zwolle","Zwolle","BGGZ",2014,1
"GM0118","Zwolle","Zwolle","DBC",2014,1
"GM0119","Zwolle","Assen","BGGZ",2014,1
"GM0119","Zwolle","Groningen","BGGZ",2014,1
"GM0119","Zwolle","Hoogeveen","BGGZ",2014,18
"GM0119","Zwolle","Hoogeveen","DBC",2014,19
"GM0119","Zwolle","Zwolle","BGGZ",2014,11
"GM0119","Zwolle","Zwolle","DBC",2014,4
"GM0140","Zwolle","Leeuwarden","BGGZ",2014,1
"GM0140","Zwolle","Leeuwarden","DBC",2014,1
"GM0141","Arnhem","Hengelo","BGGZ",2014,19
"GM0141","Arnhem","Hengelo","DBC",2014,11
"GM0141","Den Bosch","E.C. Tics","DBC",2014,2
"GM0141","Den Bosch","Expertisecentrum Tics","BGGZ",2014,1
"GM0141","Zwolle","Zwolle","DBC",2014,1
"GM0147","Arnhem","Hengelo","BGGZ",2014,2
"GM0147","Arnhem","Hengelo","DBC",2014,3
"GM0148","Zwolle","Hoogeveen","BGGZ",2014,1
"GM0148","Zwolle","Zwolle","BGGZ",2014,7
"GM0148","Zwolle","Zwolle","DBC",2014,3
"GM0150","Arnhem","Arnhem","BGGZ",2014,3
"GM0150","Arnhem","Hengelo","BGGZ",2014,3
"GM0150","Arnhem","Hengelo","DBC",2014,3
"GM0150","Den Bosch","E.C. Tics","DBC",2014,1
"GM0150","Den Bosch","Expertisecentrum Tics","BGGZ",2014,1
"GM0150","Zwolle","Hoogeveen","BGGZ",2014,1
"GM0150","Zwolle","Zwolle","BGGZ",2014,10
"GM0150","Zwolle","Zwolle","DBC",2014,6
"GM0153","Arnhem","Hengelo","BGGZ",2014,61
"GM0153","Arnhem","Hengelo","DBC",2014,26
"GM0153","Den Bosch","E.C. Tics","DBC",2014,1
"GM0153","Utrecht","E.C. Conversie","DBC",2014,2
"GM0158","Arnhem","Hengelo","BGGZ",2014,6
"GM0158","Arnhem","Hengelo","DBC",2014,2
"GM0160","Arnhem","Hengelo","BGGZ",2014,3
"GM0160","Arnhem","Hengelo","DBC",2014,1
"GM0160","Zwolle","Hoogeveen","BGGZ",2014,53
"GM0160","Zwolle","Hoogeveen","DBC",2014,5
"GM0160","Zwolle","Zwolle","BGGZ",2014,9
"GM0160","Zwolle","Zwolle","DBC",2014,4
"GM0163","Arnhem","Hengelo","BGGZ",2014,10
"GM0163","Arnhem","Hengelo","DBC",2014,4
"GM0164","Arnhem","Hengelo","BGGZ",2014,102
"GM0164","Arnhem","Hengelo","DBC",2014,56
"GM0164","Den Bosch","E.C. Tics","DBC",2014,6
"GM0166","Utrecht","E.C. Conversie","DBC",2014,1
"GM0166","Zwolle","Zwolle","BGGZ",2014,27
"GM0166","Zwolle","Zwolle","DBC",2014,16
"GM0168","Arnhem","Hengelo","BGGZ",2014,6
"GM0168","Arnhem","Hengelo","DBC",2014,2
"GM0171","Zwolle","Zwolle","BGGZ",2014,1
"GM0171","Zwolle","Zwolle","DBC",2014,7
"GM0173","Arnhem","Hengelo","BGGZ",2014,12
"GM0173","Arnhem","Hengelo","DBC",2014,6
"GM0175","Zwolle","Hoogeveen","BGGZ",2014,7
"GM0175","Zwolle","Zwolle","BGGZ",2014,2
"GM0177","Utrecht","E.C. Conversie","DBC",2014,1
"GM0177","Utrecht","HSK Expertise Conversie","BGGZ",2014,1
"GM0177","Zwolle","Zwolle","BGGZ",2014,4
"GM0177","Zwolle","Zwolle","DBC",2014,1
"GM0180","Amsterdam","Amsterdam","DBC",2014,1
"GM0180","Zwolle","Hoogeveen","BGGZ",2014,3
"GM0180","Zwolle","Zwolle","BGGZ",2014,6
"GM0180","Zwolle","Zwolle","DBC",2014,4
"GM0183","Arnhem","Hengelo","BGGZ",2014,6
"GM0183","Arnhem","Hengelo","DBC",2014,3
"GM0184","Zwolle","Zwolle","DBC",2014,1
"GM0189","Arnhem","Hengelo","BGGZ",2014,5
"GM0189","Arnhem","Hengelo","DBC",2014,7
"GM0193","Den Bosch","E.C. Tics","DBC",2014,1
"GM0193","Utrecht","Utrecht","BGGZ",2014,1
"GM0193","Zwolle","Groningen","BGGZ",2014,1
"GM0193","Zwolle","Groningen","DBC",2014,1
"GM0193","Zwolle","Hoogeveen","DBC",2014,1
"GM0193","Zwolle","Zwolle","BGGZ",2014,113
"GM0193","Zwolle","Zwolle","DBC",2014,71
"GM0196","Arnhem","Arnhem","BGGZ",2014,3
"GM0196","Arnhem","Arnhem","DBC",2014,2
"GM0196","Arnhem","Doetinchem","BGGZ",2014,1
"GM0196","Den Bosch","E.C. Tics","DBC",2014,1
"GM0197","Arnhem","Doetinchem","BGGZ",2014,16
"GM0197","Arnhem","Doetinchem","DBC",2014,17
"GM0197","Arnhem","Ede","DBC",2014,1
"GM0200","Arnhem","Arnhem","BGGZ",2014,21
"GM0200","Arnhem","Arnhem","DBC",2014,20
"GM0200","Arnhem","Ede","BGGZ",2014,1
"GM0200","Den Bosch","E.C. Tics","DBC",2014,1
"GM0200","Den Bosch","Nijmegen","BGGZ",2014,1
"GM0200","Rotterdam","Goes","BGGZ",2014,1
"GM0200","Utrecht","Amersfoort","BGGZ",2014,3
"GM0200","Utrecht","Amersfoort","DBC",2014,2
"GM0200","Utrecht","E.C. Conversie","DBC",2014,1
"GM0200","Utrecht","Utrecht","BGGZ",2014,1
"GM0200","Zwolle","Hoogeveen","DBC",2014,1
"GM0200","Zwolle","Zwolle","BGGZ",2014,2
"GM0200","Zwolle","Zwolle","DBC",2014,2
"GM0202","Arnhem","Arnhem","BGGZ",2014,142
"GM0202","Arnhem","Arnhem","DBC",2014,118
"GM0202","Arnhem","Doetinchem","BGGZ",2014,2
"GM0202","Arnhem","Doetinchem","DBC",2014,1
"GM0202","Arnhem","Ede","BGGZ",2014,1
"GM0202","Den Bosch","Expertisecentrum Tics","BGGZ",2014,1
"GM0202","Den Bosch","Nijmegen","BGGZ",2014,1
"GM0202","Den Bosch","Nijmegen","DBC",2014,2
"GM0202","Utrecht","Amersfoort","BGGZ",2014,1
"GM0202","Utrecht","Amersfoort","DBC",2014,1
"GM0202","Utrecht","E.C. Conversie","DBC",2014,2
"GM0203","Arnhem","Ede","BGGZ",2014,4
"GM0203","Arnhem","Ede","DBC",2014,8
"GM0203","Utrecht","Amersfoort","BGGZ",2014,5
"GM0203","Utrecht","Amersfoort","DBC",2014,7
"GM0203","Utrecht","E.C. Conversie","DBC",2014,2
"GM0209","Amsterdam","Amsterdam","DBC",2014,1
"GM0209","Arnhem","Arnhem","BGGZ",2014,1
"GM0209","Den Bosch","E.C. Tics","DBC",2014,2
"GM0209","Den Bosch","Nijmegen","BGGZ",2014,22
"GM0209","Den Bosch","Nijmegen","DBC",2014,21
"GM0213","Arnhem","Arnhem","BGGZ",2014,3
"GM0213","Arnhem","Arnhem","DBC",2014,3
"GM0213","Arnhem","Doetinchem","BGGZ",2014,2
"GM0213","Arnhem","Doetinchem","DBC",2014,1
"GM0214","Arnhem","Arnhem","DBC",2014,1
"GM0214","Den Bosch","Nijmegen","BGGZ",2014,2
"GM0214","Den Bosch","Nijmegen","DBC",2014,1
"GM0216","Arnhem","Doetinchem","DBC",2014,1
"GM0216","Arnhem","Ede","BGGZ",2014,1
"GM0216","Utrecht","E.C. Conversie","DBC",2014,2
"GM0216","Utrecht","HSK Expertise Conversie","BGGZ",2014,1
"GM0216","Utrecht","Utrecht","BGGZ",2014,6
"GM0216","Utrecht","Utrecht","DBC",2014,6
"GM0221","Arnhem","Arnhem","BGGZ",2014,2
"GM0221","Arnhem","Arnhem","DBC",2014,2
"GM0221","Arnhem","Doetinchem","BGGZ",2014,4
"GM0221","Arnhem","Doetinchem","DBC",2014,8
"GM0222","Arnhem","Arnhem","BGGZ",2014,1
"GM0222","Arnhem","Arnhem","DBC",2014,2
"GM0222","Arnhem","Doetinchem","BGGZ",2014,62
"GM0222","Arnhem","Doetinchem","DBC",2014,48
"GM0222","Den Bosch","E.C. Tics","DBC",2014,1
"GM0222","Den Bosch","Expertisecentrum Tics","BGGZ",2014,1
"GM0225","Den Bosch","E.C. Tics","DBC",2014,1
"GM0225","Den Bosch","Nijmegen","BGGZ",2014,10
"GM0225","Den Bosch","Nijmegen","DBC",2014,9
"GM0226","Arnhem","Arnhem","BGGZ",2014,20
"GM0226","Arnhem","Arnhem","DBC",2014,16
"GM0226","Arnhem","Doetinchem","BGGZ",2014,2
"GM0226","Arnhem","Doetinchem","DBC",2014,1
"GM0226","Utrecht","E.C. Conversie","DBC",2014,1
"GM0228","Arnhem","Arnhem","BGGZ",2014,2
"GM0228","Arnhem","Arnhem","DBC",2014,1
"GM0228","Arnhem","Ede","BGGZ",2014,51
"GM0228","Arnhem","Ede","DBC",2014,50
"GM0228","Den Bosch","E.C. Tics","DBC",2014,1
"GM0228","Den Bosch","Nijmegen","DBC",2014,1
"GM0228","Utrecht","Amersfoort","BGGZ",2014,1
"GM0228","Utrecht","E.C. Conversie","DBC",2014,1
"GM0228","Utrecht","Utrecht","DBC",2014,1
"GM0230","Zwolle","Zwolle","BGGZ",2014,17
"GM0230","Zwolle","Zwolle","DBC",2014,10
"GM0232","Zwolle","Zwolle","BGGZ",2014,5
"GM0232","Zwolle","Zwolle","DBC",2014,3
"GM0233","Utrecht","Amersfoort","BGGZ",2014,3
"GM0233","Zwolle","Zwolle","BGGZ",2014,1
"GM0236","Amsterdam","Amsterdam","BGGZ",2014,1
"GM0236","Amsterdam","Amsterdam","DBC",2014,1
"GM0236","Den Bosch","Den Bosch","BGGZ",2014,1
"GM0236","Den Bosch","Den Bosch","DBC",2014,3
"GM0236","Den Bosch","Oss","BGGZ",2014,1
"GM0236","Den Bosch","Oss","DBC",2014,1
"GM0236","Eindhoven","Eindhoven","BGGZ",2014,1
"GM0236","Rotterdam","Breda","DBC",2014,1
"GM0241","Den Bosch","Nijmegen","BGGZ",2014,1
"GM0241","Den Bosch","Nijmegen","DBC",2014,6
"GM0243","Utrecht","Amersfoort","BGGZ",2014,9
"GM0243","Utrecht","Amersfoort","DBC",2014,2
"GM0243","Utrecht","E.C. Conversie","DBC",2014,1
"GM0243","Zwolle","Zwolle","BGGZ",2014,4
"GM0243","Zwolle","Zwolle","DBC",2014,1
"GM0244","Zwolle","Zwolle","BGGZ",2014,7
"GM0244","Zwolle","Zwolle","DBC",2014,2
"GM0246","Zwolle","Zwolle","BGGZ",2014,3
"GM0246","Zwolle","Zwolle","DBC",2014,1
"GM0252","Arnhem","Arnhem","DBC",2014,1
"GM0252","Den Bosch","E.C. Tics","DBC",2014,1
"GM0252","Den Bosch","Nijmegen","BGGZ",2014,7
"GM0252","Den Bosch","Nijmegen","DBC",2014,3
"GM0262","Arnhem","Arnhem","BGGZ",2014,1
"GM0262","Arnhem","Doetinchem","DBC",2014,1
"GM0262","Arnhem","Hengelo","BGGZ",2014,2
"GM0262","Arnhem","Hengelo","DBC",2014,2
"GM0262","Den Bosch","E.C. Tics","DBC",2014,1
"GM0262","Utrecht","Amersfoort","BGGZ",2014,1
"GM0263","Den Bosch","Den Bosch","BGGZ",2014,12
"GM0263","Den Bosch","Den Bosch","DBC",2014,6
"GM0263","Den Bosch","E.C. Tics","DBC",2014,1
"GM0263","Den Bosch","Nijmegen","DBC",2014,1
"GM0265","Den Bosch","Nijmegen","BGGZ",2014,4
"GM0265","Den Bosch","Nijmegen","DBC",2014,1
"GM0267","Utrecht","Amersfoort","BGGZ",2014,11
"GM0267","Utrecht","Amersfoort","DBC",2014,4
"GM0268","Arnhem","Arnhem","BGGZ",2014,1
"GM0268","Arnhem","Arnhem","DBC",2014,1
"GM0268","Den Bosch","Den Bosch","DBC",2014,1
"GM0268","Den Bosch","E.C. Tics","DBC",2014,2
"GM0268","Den Bosch","Nijmegen","BGGZ",2014,76
"GM0268","Den Bosch","Nijmegen","DBC",2014,49
"GM0268","Utrecht","E.C. Conversie","DBC",2014,1
"GM0268","Zwolle","Zwolle","BGGZ",2014,1
"GM0269","Utrecht","E.C. Conversie","DBC",2014,1
"GM0269","Zwolle","Zwolle","BGGZ",2014,12
"GM0269","Zwolle","Zwolle","DBC",2014,4
"GM0273","Utrecht","Amersfoort","BGGZ",2014,1
"GM0273","Utrecht","Amersfoort","DBC",2014,3
"GM0274","Arnhem","Arnhem","BGGZ",2014,9
"GM0274","Arnhem","Arnhem","DBC",2014,7
"GM0274","Arnhem","Ede","BGGZ",2014,2
"GM0274","Arnhem","Ede","DBC",2014,2
"GM0275","Arnhem","Arnhem","BGGZ",2014,21
"GM0275","Arnhem","Arnhem","DBC",2014,25
"GM0275","Arnhem","Doetinchem","DBC",2014,1
"GM0275","Den Bosch","E.C. Tics","DBC",2014,1
"GM0275","Den Bosch","Nijmegen","DBC",2014,1
"GM0277","Arnhem","Arnhem","DBC",2014,1
"GM0279","Arnhem","Ede","BGGZ",2014,1
"GM0279","Utrecht","Amersfoort","BGGZ",2014,1
"GM0281","Arnhem","Ede","DBC",2014,2
"GM0281","Den Bosch","E.C. Tics","DBC",2014,1
"GM0281","Den Bosch","Nijmegen","BGGZ",2014,8
"GM0281","Den Bosch","Nijmegen","DBC",2014,3
"GM0281","Rotterdam","Dordrecht","DBC",2014,1
"GM0281","Rotterdam","Rotterdam","DBC",2014,1
"GM0281","Utrecht","Utrecht","BGGZ",2014,1
"GM0282","Den Bosch","Nijmegen","BGGZ",2014,3
"GM0282","Den Bosch","Nijmegen","DBC",2014,2
"GM0285","Arnhem","Arnhem","BGGZ",2014,1
"GM0285","Arnhem","Arnhem","DBC",2014,1
"GM0285","Arnhem","Doetinchem","DBC",2014,1
"GM0285","Arnhem","Hengelo","DBC",2014,1
"GM0285","Zwolle","Zwolle","DBC",2014,1
"GM0289","Arnhem","Arnhem","DBC",2014,1
"GM0289","Arnhem","Ede","BGGZ",2014,4
"GM0289","Arnhem","Ede","DBC",2014,5
"GM0289","Den Bosch","E.C. Tics","DBC",2014,1
"GM0289","Den Bosch","Nijmegen","BGGZ",2014,1
"GM0289","Den Bosch","Nijmegen","DBC",2014,1
"GM0289","Zwolle","Zwolle","BGGZ",2014,1
"GM0293","Arnhem","Arnhem","BGGZ",2014,16
"GM0293","Arnhem","Arnhem","DBC",2014,7
"GM0293","Arnhem","Doetinchem","DBC",2014,1
"GM0293","Den Bosch","Nijmegen","DBC",2014,1
"GM0294","Arnhem","Doetinchem","BGGZ",2014,5
"GM0294","Den Bosch","E.C. Tics","DBC",2014,1
"GM0296","Den Bosch","E.C. Tics","DBC",2014,1
"GM0296","Den Bosch","Expertisecentrum Tics","BGGZ",2014,1
"GM0296","Den Bosch","Nijmegen","BGGZ",2014,12
"GM0296","Den Bosch","Nijmegen","DBC",2014,15
"GM0297","Den Bosch","Den Bosch","BGGZ",2014,7
"GM0297","Den Bosch","Den Bosch","DBC",2014,6
"GM0297","Utrecht","E.C. Conversie","DBC",2014,1
"GM0297","Utrecht","Utrecht","DBC",2014,1
"GM0297","Zwolle","Hoogeveen","BGGZ",2014,1
"GM0299","Amsterdam","Amsterdam","DBC",2014,1
"GM0299","Arnhem","Arnhem","BGGZ",2014,21
"GM0299","Arnhem","Arnhem","DBC",2014,18
"GM0299","Arnhem","Doetinchem","BGGZ",2014,4
"GM0299","Arnhem","Doetinchem","DBC",2014,6
"GM0299","Zwolle","Groningen","DBC",2014,1
"GM0301","Arnhem","Arnhem","BGGZ",2014,10
"GM0301","Arnhem","Arnhem","DBC",2014,7
"GM0301","Arnhem","Doetinchem","BGGZ",2014,4
"GM0301","Arnhem","Doetinchem","DBC",2014,3
"GM0301","Den Bosch","E.C. Tics","DBC",2014,1
"GM0301","Den Bosch","Nijmegen","BGGZ",2014,1
"GM0301","Utrecht","E.C. Conversie","DBC",2014,3
"GM0301","Zwolle","Zwolle","DBC",2014,1
"GM0302","Utrecht","Amersfoort","BGGZ",2014,1
"GM0302","Utrecht","Utrecht","BGGZ",2014,1
"GM0302","Zwolle","Zwolle","BGGZ",2014,5
"GM0302","Zwolle","Zwolle","DBC",2014,3
"GM0303","Utrecht","Amersfoort","DBC",2014,1
"GM0303","Utrecht","E.C. Conversie","DBC",2014,2
"GM0303","Utrecht","Utrecht","BGGZ",2014,1
"GM0303","Zwolle","Zwolle","BGGZ",2014,8
"GM0303","Zwolle","Zwolle","DBC",2014,5
"GM0304","Den Bosch","Den Bosch","BGGZ",2014,3
"GM0304","Den Bosch","Den Bosch","DBC",2014,1
"GM0304","Utrecht","E.C. Conversie","DBC",2014,1
"GM0307","Amsterdam","Alkmaar","BGGZ",2014,1
"GM0307","Den Bosch","Expertisecentrum Tics","BGGZ",2014,1
"GM0307","Utrecht","Amersfoort","BGGZ",2014,121
"GM0307","Utrecht","Amersfoort","DBC",2014,82
"GM0307","Utrecht","Utrecht","DBC",2014,1
"GM0308","Utrecht","Amersfoort","BGGZ",2014,3
"GM0308","Utrecht","Amersfoort","DBC",2014,5
"GM0310","Utrecht","Utrecht","BGGZ",2014,5
"GM0310","Utrecht","Utrecht","DBC",2014,5
"GM0312","Utrecht","Utrecht","BGGZ",2014,4
"GM0312","Utrecht","Utrecht","DBC",2014,3
"GM0313","Utrecht","Amersfoort","BGGZ",2014,4
"GM0313","Utrecht","Amersfoort","DBC",2014,5
"GM0317","Utrecht","Amersfoort","BGGZ",2014,2
"GM0317","Utrecht","Amersfoort","DBC",2014,1
"GM0321","Utrecht","Utrecht","BGGZ",2014,11
"GM0321","Utrecht","Utrecht","DBC",2014,11
"GM0327","Utrecht","Amersfoort","BGGZ",2014,31
"GM0327","Utrecht","Amersfoort","DBC",2014,20
"GM0327","Utrecht","Utrecht","DBC",2014,1
"GM0331","Utrecht","Utrecht","DBC",2014,1
"GM0335","Utrecht","Utrecht","BGGZ",2014,3
"GM0335","Utrecht","Utrecht","DBC",2014,1
"GM0339","Arnhem","Ede","DBC",2014,1
"GM0340","Arnhem","Arnhem","DBC",2014,2
"GM0340","Arnhem","Ede","BGGZ",2014,1
"GM0340","Arnhem","Ede","DBC",2014,1
"GM0340","Utrecht","Utrecht","BGGZ",2014,1
"GM0342","Den Bosch","E.C. Tics","DBC",2014,1
"GM0342","Utrecht","Amersfoort","BGGZ",2014,9
"GM0342","Utrecht","Amersfoort","DBC",2014,7
"GM0344","Den Bosch","E.C. Tics","DBC",2014,3
"GM0344","Den Bosch","Nijmegen","BGGZ",2014,1
"GM0344","Den Haag","Den Haag","BGGZ",2014,1
"GM0344","Eindhoven","Eindhoven","DBC",2014,1
"GM0344","Utrecht","Amersfoort","DBC",2014,1
"GM0344","Utrecht","E.C. Conversie","DBC",2014,3
"GM0344","Utrecht","Utrecht","BGGZ",2014,106
"GM0344","Utrecht","Utrecht","DBC",2014,89
"GM0345","Arnhem","Ede","BGGZ",2014,11
"GM0345","Arnhem","Ede","DBC",2014,10
"GM0345","Den Bosch","Nijmegen","BGGZ",2014,1
"GM0345","Utrecht","E.C. Conversie","DBC",2014,2
"GM0345","Utrecht","Utrecht","DBC",2014,1
"GM0351","Utrecht","Amersfoort","BGGZ",2014,4
"GM0351","Utrecht","Amersfoort","DBC",2014,5
"GM0351","Utrecht","Utrecht","BGGZ",2014,1
"GM0352","Utrecht","Utrecht","DBC",2014,4
"GM0353","Utrecht","Utrecht","BGGZ",2014,8
"GM0353","Utrecht","Utrecht","DBC",2014,4
"GM0355","Utrecht","Amersfoort","BGGZ",2014,2
"GM0355","Utrecht","Amersfoort","DBC",2014,2
"GM0355","Utrecht","Utrecht","BGGZ",2014,13
"GM0355","Utrecht","Utrecht","DBC",2014,13
"GM0356","Utrecht","E.C. Conversie","DBC",2014,2
"GM0356","Utrecht","Utrecht","BGGZ",2014,8
"GM0356","Utrecht","Utrecht","DBC",2014,8
"GM0358","Amsterdam","Amsterdam","BGGZ",2014,2
"GM0358","Amsterdam","Amsterdam","DBC",2014,2
"GM0358","Den Bosch","Expertisecentrum Tics","BGGZ",2014,1
"GM0361","Amsterdam","Alkmaar","BGGZ",2014,65
"GM0361","Amsterdam","Alkmaar","DBC",2014,38
"GM0361","Amsterdam","Amsterdam","BGGZ",2014,1
"GM0361","Amsterdam","Amsterdam","DBC",2014,1
"GM0361","Amsterdam","Zaandam","DBC",2014,1
"GM0361","Den Haag","Delft","DBC",2014,1
"GM0361","Den Haag","Den Haag","DBC",2014,1
"GM0362","Amsterdam","Amsterdam","BGGZ",2014,5
"GM0362","Amsterdam","Amsterdam","DBC",2014,12
"GM0362","Utrecht","Utrecht","BGGZ",2014,1
"GM0363","Amsterdam","Alkmaar","DBC",2014,1
"GM0363","Amsterdam","Amsterdam","BGGZ",2014,95
"GM0363","Amsterdam","Amsterdam","DBC",2014,134
"GM0363","Amsterdam","Zaandam","BGGZ",2014,2
"GM0363","Amsterdam","Zaandam","DBC",2014,1
"GM0363","Arnhem","Arnhem","BGGZ",2014,1
"GM0363","Arnhem","Arnhem","DBC",2014,1
"GM0363","Den Bosch","E.C. Tics","DBC",2014,3
"GM0363","Den Bosch","Expertisecentrum Tics","BGGZ",2014,1
"GM0363","Den Haag","Den Haag","BGGZ",2014,1
"GM0363","Den Haag","Leiden","BGGZ",2014,2
"GM0363","Utrecht","Amersfoort","BGGZ",2014,1
"GM0363","Utrecht","E.C. Conversie","DBC",2014,5
"GM0363","Zwolle","Leeuwarden","BGGZ",2014,1
"GM0370","Utrecht","E.C. Conversie","DBC",2014,1
"GM0373","Amsterdam","Alkmaar","BGGZ",2014,4
"GM0373","Amsterdam","Alkmaar","DBC",2014,7
"GM0373","Amsterdam","Amsterdam","BGGZ",2014,1
"GM0375","Amsterdam","Alkmaar","BGGZ",2014,3
"GM0375","Amsterdam","Alkmaar","DBC",2014,4
"GM0375","Amsterdam","Amsterdam","DBC",2014,2
"GM0375","Amsterdam","Zaandam","DBC",2014,1
"GM0377","Amsterdam","Amsterdam","BGGZ",2014,2
"GM0377","Amsterdam","Amsterdam","DBC",2014,3
"GM0377","Utrecht","Utrecht","BGGZ",2014,1
"GM0381","Amsterdam","Alkmaar","DBC",2014,1
"GM0381","Amsterdam","Amsterdam","BGGZ",2014,1
"GM0381","Amsterdam","Amsterdam","DBC",2014,2
"GM0381","Utrecht","Amersfoort","DBC",2014,2
"GM0383","Amsterdam","Alkmaar","BGGZ",2014,2
"GM0383","Amsterdam","Alkmaar","DBC",2014,6
"GM0384","Amsterdam","Amsterdam","BGGZ",2014,2
"GM0384","Amsterdam","Amsterdam","DBC",2014,2
"GM0384","Den Bosch","E.C. Tics","DBC",2014,1
"GM0385","Amsterdam","Alkmaar","BGGZ",2014,1
"GM0385","Amsterdam","Amsterdam","BGGZ",2014,1
"GM0385","Amsterdam","Amsterdam","DBC",2014,4
"GM0385","Amsterdam","Zaandam","BGGZ",2014,5
"GM0388","Amsterdam","Alkmaar","BGGZ",2014,2
"GM0388","Amsterdam","Alkmaar","DBC",2014,2
"GM0388","Amsterdam","Zaandam","BGGZ",2014,1
"GM0388","Amsterdam","Zaandam","DBC",2014,1
"GM0388","Den Bosch","E.C. Tics","DBC",2014,1
"GM0392","Amsterdam","Alkmaar","BGGZ",2014,1
"GM0392","Amsterdam","Amsterdam","BGGZ",2014,9
"GM0392","Amsterdam","Amsterdam","DBC",2014,21
"GM0392","Amsterdam","Zaandam","BGGZ",2014,2
"GM0392","Den Haag","Leiden","BGGZ",2014,1
"GM0393","Amsterdam","Amsterdam","BGGZ",2014,1
"GM0393","Amsterdam","Amsterdam","DBC",2014,1
"GM0394","Amsterdam","Amsterdam","BGGZ",2014,13
"GM0394","Amsterdam","Amsterdam","DBC",2014,10
"GM0394","Den Bosch","E.C. Tics","DBC",2014,2
"GM0394","Den Haag","Leiden","BGGZ",2014,4
"GM0394","Den Haag","Leiden","DBC",2014,4
"GM0394","Rotterdam","Rotterdam","BGGZ",2014,1
"GM0394","Utrecht","Amersfoort","DBC",2014,1
"GM0394","Utrecht","E.C. Conversie","DBC",2014,2
"GM0396","Amsterdam","Alkmaar","BGGZ",2014,3
"GM0396","Amsterdam","Alkmaar","DBC",2014,6
"GM0396","Amsterdam","Amsterdam","BGGZ",2014,1
"GM0396","Amsterdam","Amsterdam","DBC",2014,1
"GM0396","Amsterdam","Zaandam","DBC",2014,1
"GM0396","Utrecht","E.C. Conversie","DBC",2014,1
"GM0397","Amsterdam","Amsterdam","BGGZ",2014,1
"GM0397","Amsterdam","Amsterdam","DBC",2014,1
"GM0397","Den Bosch","E.C. Tics","DBC",2014,1
"GM0397","Den Haag","Den Haag","BGGZ",2014,1
"GM0397","Den Haag","Den Haag","DBC",2014,1
"GM0397","Den Haag","Leiden","DBC",2014,1
"GM0398","Amsterdam","Alkmaar","BGGZ",2014,15
"GM0398","Amsterdam","Alkmaar","DBC",2014,8
"GM0398","Amsterdam","Amsterdam","BGGZ",2014,2
"GM0398","Den Bosch","E.C. Tics","DBC",2014,1
"GM0398","Zwolle","Zwolle","DBC",2014,1
"GM0399","Amsterdam","Alkmaar","BGGZ",2014,11
"GM0399","Amsterdam","Alkmaar","DBC",2014,6
"GM0400","Amsterdam","Alkmaar","BGGZ",2014,7
"GM0400","Amsterdam","Alkmaar","DBC",2014,8
"GM0400","Den Bosch","E.C. Tics","DBC",2014,1
"GM0400","Utrecht","E.C. Conversie","DBC",2014,1
"GM0402","Amsterdam","Amsterdam","BGGZ",2014,3
"GM0402","Utrecht","Amersfoort","BGGZ",2014,6
"GM0402","Utrecht","Amersfoort","DBC",2014,3
"GM0402","Utrecht","E.C. Conversie","DBC",2014,1
"GM0402","Utrecht","Utrecht","BGGZ",2014,4
"GM0402","Utrecht","Utrecht","DBC",2014,3
"GM0405","Amsterdam","Alkmaar","BGGZ",2014,23
"GM0405","Amsterdam","Alkmaar","DBC",2014,10
"GM0405","Amsterdam","Zaandam","BGGZ",2014,2
"GM0405","Amsterdam","Zaandam","DBC",2014,1
"GM0406","Amsterdam","Amsterdam","BGGZ",2014,1
"GM0406","Utrecht","Amersfoort","BGGZ",2014,1
"GM0406","Utrecht","Amersfoort","DBC",2014,1
"GM0406","Utrecht","Utrecht","BGGZ",2014,1
"GM0406","Utrecht","Utrecht","DBC",2014,1
"GM0415","Amsterdam","Amsterdam","BGGZ",2014,3
"GM0415","Amsterdam","Amsterdam","DBC",2014,1
"GM0415","Amsterdam","Zaandam","BGGZ",2014,1
"GM0415","Amsterdam","Zaandam","DBC",2014,2
"GM0415","Den Bosch","E.C. Tics","DBC",2014,3
"GM0415","Utrecht","E.C. Conversie","DBC",2014,1
"GM0416","Amsterdam","Alkmaar","BGGZ",2014,6
"GM0416","Amsterdam","Alkmaar","DBC",2014,3
"GM0420","Amsterdam","Alkmaar","BGGZ",2014,2
"GM0420","Amsterdam","Alkmaar","DBC",2014,1
"GM0424","Amsterdam","Amsterdam","BGGZ",2014,1
"GM0424","Amsterdam","Amsterdam","DBC",2014,1
"GM0425","Utrecht","Amersfoort","BGGZ",2014,1
"GM0425","Utrecht","E.C. Conversie","DBC",2014,1
"GM0431","Amsterdam","Zaandam","BGGZ",2014,6
"GM0431","Amsterdam","Zaandam","DBC",2014,3
"GM0432","Amsterdam","Alkmaar","DBC",2014,1
"GM0437","Amsterdam","Amsterdam","DBC",2014,2
"GM0439","Amsterdam","Alkmaar","BGGZ",2014,1
"GM0439","Amsterdam","Amsterdam","DBC",2014,3
"GM0439","Amsterdam","Zaandam","BGGZ",2014,17
"GM0439","Amsterdam","Zaandam","DBC",2014,9
"GM0439","Utrecht","E.C. Conversie","DBC",2014,6
"GM0441","Amsterdam","Alkmaar","BGGZ",2014,7
"GM0441","Amsterdam","Alkmaar","DBC",2014,6
"GM0448","Amsterdam","Alkmaar","BGGZ",2014,1
"GM0448","Amsterdam","Alkmaar","DBC",2014,1
"GM0448","Den Bosch","E.C. Tics","DBC",2014,1
"GM0448","Den Bosch","Expertisecentrum Tics","BGGZ",2014,1
"GM0450","Amsterdam","Alkmaar","DBC",2014,1
"GM0451","Amsterdam","Amsterdam","DBC",2014,2
"GM0453","Amsterdam","Alkmaar","BGGZ",2014,2
"GM0453","Amsterdam","Alkmaar","DBC",2014,2
"GM0453","Amsterdam","Amsterdam","BGGZ",2014,2
"GM0453","Amsterdam","Amsterdam","DBC",2014,7
"GM0453","Amsterdam","Zaandam","BGGZ",2014,2
"GM0453","Amsterdam","Zaandam","DBC",2014,1
"GM0453","Den Haag","Leiden","BGGZ",2014,1
"GM0453","Utrecht","E.C. Conversie","DBC",2014,1
"GM0457","Amsterdam","Amsterdam","BGGZ",2014,2
"GM0457","Amsterdam","Amsterdam","DBC",2014,3
"GM0458","Amsterdam","Alkmaar","BGGZ",2014,1
"GM0458","Amsterdam","Alkmaar","DBC",2014,1
"GM0458","Amsterdam","Zaandam","BGGZ",2014,1
"GM0473","Amsterdam","Amsterdam","BGGZ",2014,1
"GM0473","Amsterdam","Amsterdam","DBC",2014,1
"GM0478","Amsterdam","Alkmaar","BGGZ",2014,1
"GM0479","Amsterdam","Alkmaar","BGGZ",2014,2
"GM0479","Amsterdam","Alkmaar","DBC",2014,2
"GM0479","Amsterdam","Amsterdam","BGGZ",2014,2
"GM0479","Amsterdam","Amsterdam","DBC",2014,3
"GM0479","Amsterdam","Zaandam","BGGZ",2014,87
"GM0479","Amsterdam","Zaandam","DBC",2014,64
"GM0479","Den Bosch","E.C. Tics","DBC",2014,1
"GM0479","Utrecht","E.C. Conversie","DBC",2014,1
"GM0482","Rotterdam","Breda","DBC",2014,1
"GM0482","Rotterdam","Dordrecht","BGGZ",2014,4
"GM0482","Rotterdam","Dordrecht","DBC",2014,3
"GM0484","Den Haag","Leiden","BGGZ",2014,28
"GM0484","Den Haag","Leiden","DBC",2014,8
"GM0484","Den Haag","Zoetermeer","BGGZ",2014,1
"GM0484","Rotterdam","Rotterdam","BGGZ",2014,1
"GM0484","Rotterdam","Rotterdam","DBC",2014,1
"GM0484","Utrecht","E.C. Conversie","DBC",2014,1
"GM0489","Rotterdam","Dordrecht","BGGZ",2014,2
"GM0489","Rotterdam","Dordrecht","DBC",2014,2
"GM0489","Rotterdam","Rotterdam","BGGZ",2014,11
"GM0489","Rotterdam","Rotterdam","DBC",2014,11
"GM0489","Utrecht","E.C. Conversie","DBC",2014,1
"GM0491","Rotterdam","Rotterdam","DBC",2014,1
"GM0498","Amsterdam","Alkmaar","BGGZ",2014,3
"GM0498","Amsterdam","Alkmaar","DBC",2014,2
"GM0498","Amsterdam","Zaandam","BGGZ",2014,1
"GM0499","Den Haag","Zoetermeer","BGGZ",2014,23
"GM0499","Den Haag","Zoetermeer","DBC",2014,4
"GM0499","Rotterdam","Rotterdam","BGGZ",2014,1
"GM0501","Rotterdam","Rotterdam","BGGZ",2014,3
"GM0502","Rotterdam","Rotterdam","BGGZ",2014,9
"GM0502","Rotterdam","Rotterdam","DBC",2014,5
"GM0503","Den Bosch","E.C. Tics","DBC",2014,1
"GM0503","Den Haag","Delft","BGGZ",2014,90
"GM0503","Den Haag","Delft","DBC",2014,41
"GM0503","Den Haag","Den Haag","BGGZ",2014,2
"GM0503","Den Haag","Den Haag","DBC",2014,2
"GM0503","Den Haag","Leiden","DBC",2014,1
"GM0503","Rotterdam","Breda","BGGZ",2014,1
"GM0503","Rotterdam","Breda","DBC",2014,1
"GM0503","Rotterdam","Dordrecht","BGGZ",2014,1
"GM0503","Rotterdam","Rotterdam","BGGZ",2014,2
"GM0503","Rotterdam","Rotterdam","DBC",2014,2
"GM0505","Amsterdam","Amsterdam","BGGZ",2014,1
"GM0505","Amsterdam","Amsterdam","DBC",2014,1
"GM0505","Rotterdam","Breda","DBC",2014,1
"GM0505","Rotterdam","Dordrecht","BGGZ",2014,191
"GM0505","Rotterdam","Dordrecht","DBC",2014,103
"GM0512","Den Bosch","Nijmegen","BGGZ",2014,1
"GM0512","Rotterdam","Breda","DBC",2014,1
"GM0512","Rotterdam","Dordrecht","BGGZ",2014,4
"GM0512","Rotterdam","Dordrecht","DBC",2014,5
"GM0513","Den Haag","Den Haag","BGGZ",2014,1
"GM0513","Den Haag","Zoetermeer","BGGZ",2014,10
"GM0513","Den Haag","Zoetermeer","DBC",2014,5
"GM0513","Rotterdam","Rotterdam","BGGZ",2014,1
"GM0513","Rotterdam","Rotterdam","DBC",2014,1
"GM0513","Utrecht","Utrecht","DBC",2014,2
"GM0518","Amsterdam","Amsterdam","BGGZ",2014,1
"GM0518","Den Bosch","Den Bosch","DBC",2014,1
"GM0518","Den Bosch","E.C. Tics","DBC",2014,10
"GM0518","Den Bosch","Expertisecentrum Tics","BGGZ",2014,2
"GM0518","Den Haag","Delft","BGGZ",2014,161
"GM0518","Den Haag","Delft","DBC",2014,15
"GM0518","Den Haag","Den Haag","BGGZ",2014,246
"GM0518","Den Haag","Den Haag","DBC",2014,139
"GM0518","Den Haag","Leiden","BGGZ",2014,1
"GM0518","Den Haag","Leiden","DBC",2014,2
"GM0518","Den Haag","Zoetermeer","BGGZ",2014,1
"GM0518","Rotterdam","Rotterdam","BGGZ",2014,1
"GM0518","Utrecht","E.C. Conversie","DBC",2014,9
"GM0518","Utrecht","HSK Expertise Conversie","BGGZ",2014,1
"GM0518","Utrecht","Utrecht","BGGZ",2014,1
"GM0523","Rotterdam","Dordrecht","BGGZ",2014,2
"GM0523","Rotterdam","Dordrecht","DBC",2014,1
"GM0523","Rotterdam","Rotterdam","BGGZ",2014,1
"GM0530","Rotterdam","Dordrecht","DBC",2014,1
"GM0530","Rotterdam","Rotterdam","BGGZ",2014,3
"GM0530","Rotterdam","Rotterdam","DBC",2014,5
"GM0530","Utrecht","E.C. Conversie","DBC",2014,1
"GM0531","Rotterdam","Dordrecht","BGGZ",2014,13
"GM0531","Rotterdam","Dordrecht","DBC",2014,10
"GM0531","Utrecht","E.C. Conversie","DBC",2014,1
"GM0532","Amsterdam","Alkmaar","BGGZ",2014,1
"GM0532","Amsterdam","Alkmaar","DBC",2014,6
"GM0534","Den Haag","Leiden","BGGZ",2014,2
"GM0537","Den Bosch","E.C. Tics","DBC",2014,1
"GM0537","Den Bosch","Expertisecentrum Tics","BGGZ",2014,1
"GM0537","Den Haag","Den Haag","BGGZ",2014,1
"GM0537","Den Haag","Leiden","BGGZ",2014,7
"GM0537","Den Haag","Leiden","DBC",2014,5
"GM0542","Rotterdam","Dordrecht","BGGZ",2014,1
"GM0542","Rotterdam","Rotterdam","BGGZ",2014,2
"GM0542","Rotterdam","Rotterdam","DBC",2014,3
"GM0545","Rotterdam","Dordrecht","DBC",2014,1
"GM0545","Utrecht","Utrecht","BGGZ",2014,2
"GM0545","Utrecht","Utrecht","DBC",2014,1
"GM0546","Amsterdam","Amsterdam","DBC",2014,1
"GM0546","Den Bosch","E.C. Tics","DBC",2014,3
"GM0546","Den Bosch","Expertisecentrum Tics","BGGZ",2014,1
"GM0546","Den Haag","Den Haag","BGGZ",2014,1
"GM0546","Den Haag","Den Haag","DBC",2014,1
"GM0546","Den Haag","Leiden","BGGZ",2014,54
"GM0546","Den Haag","Leiden","DBC",2014,21
"GM0546","Rotterdam","Breda","DBC",2014,1
"GM0546","Utrecht","E.C. Conversie","DBC",2014,5
"GM0547","Den Haag","Leiden","BGGZ",2014,11
"GM0547","Den Haag","Leiden","DBC",2014,3
"GM0553","Den Haag","Leiden","BGGZ",2014,7
"GM0553","Utrecht","E.C. Conversie","DBC",2014,2
"GM0553","Utrecht","HSK Expertise Conversie","BGGZ",2014,1
"GM0556","Den Haag","Delft","BGGZ",2014,5
"GM0556","Den Haag","Delft","DBC",2014,1
"GM0556","Rotterdam","Dordrecht","BGGZ",2014,1
"GM0556","Rotterdam","Rotterdam","BGGZ",2014,3
"GM0556","Rotterdam","Rotterdam","DBC",2014,4
"GM0568","Rotterdam","Rotterdam","BGGZ",2014,1
"GM0569","Amsterdam","Amsterdam","DBC",2014,1
"GM0569","Den Haag","Leiden","BGGZ",2014,2
"GM0569","Den Haag","Leiden","DBC",2014,2
"GM0569","Utrecht","E.C. Conversie","DBC",2014,1
"GM0569","Utrecht","Utrecht","DBC",2014,1
"GM0575","Den Haag","Den Haag","DBC",2014,1
"GM0575","Den Haag","Leiden","BGGZ",2014,2
"GM0575","Utrecht","E.C. Conversie","DBC",2014,4
"GM0576","Den Haag","Leiden","BGGZ",2014,6
"GM0576","Den Haag","Leiden","DBC",2014,2
"GM0579","Den Haag","Leiden","BGGZ",2014,5
"GM0579","Den Haag","Leiden","DBC",2014,5
"GM0584","Rotterdam","Rotterdam","BGGZ",2014,1
"GM0584","Rotterdam","Rotterdam","DBC",2014,1
"GM0585","Rotterdam","Dordrecht","BGGZ",2014,4
"GM0585","Rotterdam","Dordrecht","DBC",2014,2
"GM0585","Rotterdam","Rotterdam","DBC",2014,4
"GM0588","Rotterdam","Rotterdam","BGGZ",2014,1
"GM0588","Rotterdam","Rotterdam","DBC",2014,3
"GM0589","Utrecht","E.C. Conversie","DBC",2014,1
"GM0589","Utrecht","Utrecht","DBC",2014,2
"GM0590","Rotterdam","Dordrecht","BGGZ",2014,6
"GM0590","Rotterdam","Dordrecht","DBC",2014,9
"GM0590","Rotterdam","Rotterdam","BGGZ",2014,1
"GM0590","Rotterdam","Rotterdam","DBC",2014,1
"GM0597","Den Haag","Den Haag","BGGZ",2014,1
"GM0597","Rotterdam","Dordrecht","BGGZ",2014,1
"GM0597","Rotterdam","Rotterdam","BGGZ",2014,9
"GM0597","Rotterdam","Rotterdam","DBC",2014,11
"GM0599","Amsterdam","Alkmaar","BGGZ",2014,1
"GM0599","Amsterdam","Alkmaar","DBC",2014,1
"GM0599","Amsterdam","Amsterdam","BGGZ",2014,1
"GM0599","Amsterdam","Amsterdam","DBC",2014,1
"GM0599","Den Bosch","Den Bosch","BGGZ",2014,1
"GM0599","Den Bosch","Den Bosch","DBC",2014,1
"GM0599","Den Bosch","E.C. Tics","DBC",2014,7
"GM0599","Den Haag","Delft","BGGZ",2014,4
"GM0599","Den Haag","Delft","DBC",2014,1
"GM0599","Den Haag","Den Haag","BGGZ",2014,1
"GM0599","Den Haag","Leiden","BGGZ",2014,1
"GM0599","Den Haag","Zoetermeer","DBC",2014,2
"GM0599","Rotterdam","Goes","BGGZ",2014,1
"GM0599","Rotterdam","Rotterdam","BGGZ",2014,94
"GM0599","Rotterdam","Rotterdam","DBC",2014,89
"GM0599","Utrecht","Amersfoort","DBC",2014,1
"GM0599","Utrecht","E.C. Conversie","DBC",2014,4
"GM0599","Utrecht","Utrecht","BGGZ",2014,1
"GM0599","Zwolle","Zwolle","BGGZ",2014,1
"GM0599","Zwolle","Zwolle","DBC",2014,1
"GM0603","Den Bosch","E.C. Tics","DBC",2014,1
"GM0603","Den Haag","Delft","BGGZ",2014,4
"GM0603","Den Haag","Delft","DBC",2014,3
"GM0603","Den Haag","Den Haag","BGGZ",2014,22
"GM0603","Den Haag","Den Haag","DBC",2014,13
"GM0606","Rotterdam","Rotterdam","BGGZ",2014,8
"GM0606","Rotterdam","Rotterdam","DBC",2014,16
"GM0606","Utrecht","Amersfoort","DBC",2014,1
"GM0608","Den Haag","Zoetermeer","BGGZ",2014,1
"GM0608","Den Haag","Zoetermeer","DBC",2014,1
"GM0608","Utrecht","Utrecht","BGGZ",2014,1
"GM0610","Rotterdam","Dordrecht","BGGZ",2014,3
"GM0610","Rotterdam","Dordrecht","DBC",2014,3
"GM0610","Utrecht","E.C. Conversie","DBC",2014,1
"GM0611","Rotterdam","Dordrecht","BGGZ",2014,1
"GM0611","Rotterdam","Rotterdam","BGGZ",2014,2
"GM0612","Rotterdam","Rotterdam","BGGZ",2014,11
"GM0612","Rotterdam","Rotterdam","DBC",2014,13
"GM0613","Rotterdam","Rotterdam","BGGZ",2014,2
"GM0613","Rotterdam","Rotterdam","DBC",2014,5
"GM0614","Rotterdam","Rotterdam","BGGZ",2014,2
"GM0620","Utrecht","Utrecht","BGGZ",2014,4
"GM0620","Utrecht","Utrecht","DBC",2014,7
"GM0622","Den Bosch","E.C. Tics","DBC",2014,1
"GM0622","Den Haag","Delft","BGGZ",2014,2
"GM0622","Rotterdam","Dordrecht","DBC",2014,1
"GM0622","Rotterdam","Rotterdam","BGGZ",2014,23
"GM0622","Rotterdam","Rotterdam","DBC",2014,17
"GM0623","Den Haag","Delft","BGGZ",2014,1
"GM0623","Den Haag","Zoetermeer","DBC",2014,1
"GM0626","Den Haag","Den Haag","BGGZ",2014,3
"GM0626","Den Haag","Leiden","BGGZ",2014,10
"GM0626","Den Haag","Leiden","DBC",2014,2
"GM0626","Utrecht","E.C. Conversie","DBC",2014,1
"GM0626","Utrecht","HSK Expertise Conversie","BGGZ",2014,1
"GM0627","Den Haag","Zoetermeer","BGGZ",2014,3
"GM0627","Den Haag","Zoetermeer","DBC",2014,3
"GM0629","Den Haag","Den Haag","BGGZ",2014,4
"GM0629","Den Haag","Den Haag","DBC",2014,3
"GM0632","Utrecht","Utrecht","BGGZ",2014,6
"GM0632","Utrecht","Utrecht","DBC",2014,5
"GM0637","Den Bosch","E.C. Tics","DBC",2014,1
"GM0637","Den Haag","Delft","BGGZ",2014,1
"GM0637","Den Haag","Delft","DBC",2014,4
"GM0637","Den Haag","Den Haag","BGGZ",2014,1
"GM0637","Den Haag","Den Haag","DBC",2014,2
"GM0637","Den Haag","Zoetermeer","BGGZ",2014,54
"GM0637","Den Haag","Zoetermeer","DBC",2014,43
"GM0637","Utrecht","E.C. Conversie","DBC",2014,7
"GM0638","Den Haag","Leiden","BGGZ",2014,2
"GM0638","Den Haag","Leiden","DBC",2014,2
"GM0642","Rotterdam","Dordrecht","BGGZ",2014,8
"GM0642","Rotterdam","Dordrecht","DBC",2014,9
"GM0642","Utrecht","E.C. Conversie","DBC",2014,1
"GM0643","Rotterdam","Rotterdam","BGGZ",2014,2
"GM0643","Rotterdam","Rotterdam","DBC",2014,5
"GM0644","Rotterdam","Rotterdam","DBC",2014,1
"GM0653","Zwolle","Leeuwarden","BGGZ",2014,2
"GM0653","Zwolle","Leeuwarden","DBC",2014,1
"GM0654","Rotterdam","Goes","BGGZ",2014,7
"GM0654","Rotterdam","Goes","DBC",2014,5
"GM0654","Rotterdam","Rotterdam","BGGZ",2014,1
"GM0664","Rotterdam","Breda","BGGZ",2014,1
"GM0664","Rotterdam","Goes","BGGZ",2014,15
"GM0664","Rotterdam","Goes","DBC",2014,9
"GM0668","Den Bosch","Den Bosch","BGGZ",2014,1
"GM0668","Den Bosch","Den Bosch","DBC",2014,1
"GM0668","Den Bosch","Nijmegen","BGGZ",2014,5
"GM0668","Den Bosch","Nijmegen","DBC",2014,5
"GM0668","Den Bosch","Oss","BGGZ",2014,1
"GM0668","Eindhoven","Eindhoven","BGGZ",2014,1
"GM0677","Utrecht","E.C. Conversie","DBC",2014,1
"GM0678","Rotterdam","Goes","BGGZ",2014,5
"GM0678","Rotterdam","Goes","DBC",2014,1
"GM0687","Rotterdam","Breda","DBC",2014,2
"GM0687","Rotterdam","Goes","BGGZ",2014,8
"GM0687","Rotterdam","Goes","DBC",2014,13
"GM0689","Utrecht","E.C. Conversie","DBC",2014,1
"GM0689","Utrecht","Utrecht","BGGZ",2014,1
"GM0703","Rotterdam","Goes","BGGZ",2014,11
"GM0703","Rotterdam","Goes","DBC",2014,4
"GM0707","Rotterdam","Dordrecht","DBC",2014,1
"GM0707","Utrecht","Utrecht","BGGZ",2014,2
"GM0715","Rotterdam","Goes","BGGZ",2014,1
"GM0715","Rotterdam","Goes","DBC",2014,1
"GM0715","Utrecht","E.C. Conversie","DBC",2014,2
"GM0716","Rotterdam","Breda","DBC",2014,1
"GM0717","Rotterdam","Goes","BGGZ",2014,4
"GM0717","Rotterdam","Goes","DBC",2014,3
"GM0718","Rotterdam","Goes","BGGZ",2014,7
"GM0718","Rotterdam","Goes","DBC",2014,11
"GM0733","Den Bosch","Den Bosch","BGGZ",2014,1
"GM0733","Den Bosch","Den Bosch","DBC",2014,1
"GM0733","Rotterdam","Dordrecht","BGGZ",2014,1
"GM0736","Amsterdam","Amsterdam","BGGZ",2014,6
"GM0736","Amsterdam","Amsterdam","DBC",2014,4
"GM0736","Utrecht","E.C. Conversie","DBC",2014,1
"GM0736","Utrecht","Utrecht","BGGZ",2014,1
"GM0737","Zwolle","Leeuwarden","BGGZ",2014,7
"GM0737","Zwolle","Leeuwarden","DBC",2014,2
"GM0738","Den Bosch","Den Bosch","DBC",2014,2
"GM0743","Den Bosch","Den Bosch","BGGZ",2014,1
"GM0743","Eindhoven","Eindhoven","BGGZ",2014,3
"GM0743","Eindhoven","Eindhoven","DBC",2014,1
"GM0744","Rotterdam","Breda","BGGZ",2014,1
"GM0748","Den Bosch","E.C. Tics","DBC",2014,2
"GM0748","Rotterdam","Breda","BGGZ",2014,4
"GM0748","Rotterdam","Breda","DBC",2014,5
"GM0748","Rotterdam","Goes","BGGZ",2014,2
"GM0748","Rotterdam","Goes","DBC",2014,5
"GM0753","Eindhoven","Eindhoven","BGGZ",2014,9
"GM0753","Eindhoven","Eindhoven","DBC",2014,6
"GM0756","Den Bosch","Nijmegen","BGGZ",2014,1
"GM0756","Den Bosch","Nijmegen","DBC",2014,2
"GM0756","Eindhoven","Eindhoven","DBC",2014,1
"GM0757","Den Bosch","Den Bosch","BGGZ",2014,7
"GM0757","Den Bosch","Den Bosch","DBC",2014,5
"GM0757","Den Bosch","E.C. Tics","DBC",2014,1
"GM0757","Eindhoven","Eindhoven","BGGZ",2014,2
"GM0757","Eindhoven","Eindhoven","DBC",2014,1
"GM0758","Den Bosch","E.C. Tics","DBC",2014,1
"GM0758","Den Haag","Leiden","BGGZ",2014,1
"GM0758","Eindhoven","Eindhoven","BGGZ",2014,1
"GM0758","Eindhoven","Eindhoven","DBC",2014,1
"GM0758","Rotterdam","Breda","BGGZ",2014,65
"GM0758","Rotterdam","Breda","DBC",2014,62
"GM0758","Rotterdam","Dordrecht","BGGZ",2014,1
"GM0758","Rotterdam","Dordrecht","DBC",2014,1
"GM0758","Rotterdam","Rotterdam","BGGZ",2014,1
"GM0762","Eindhoven","Eindhoven","BGGZ",2014,5
"GM0762","Eindhoven","Eindhoven","DBC",2014,3
"GM0762","Utrecht","E.C. Conversie","DBC",2014,1
"GM0765","Zwolle","Groningen","BGGZ",2014,2
"GM0765","Zwolle","Groningen","DBC",2014,1
"GM0766","Den Bosch","Den Bosch","BGGZ",2014,1
"GM0766","Rotterdam","Breda","BGGZ",2014,6
"GM0766","Rotterdam","Breda","DBC",2014,5
"GM0766","Utrecht","E.C. Conversie","DBC",2014,1
"GM0770","Den Bosch","Den Bosch","DBC",2014,1
"GM0770","Eindhoven","Eindhoven","BGGZ",2014,4
"GM0770","Eindhoven","Eindhoven","DBC",2014,2
"GM0772","Den Bosch","Den Bosch","DBC",2014,1
"GM0772","Den Bosch","E.C. Tics","DBC",2014,3
"GM0772","Eindhoven","Eindhoven","BGGZ",2014,181
"GM0772","Eindhoven","Eindhoven","DBC",2014,94
"GM0772","Eindhoven","Expertisecentrum Kinderen Eindhoven","BGGZ",2014,3
"GM0772","Utrecht","E.C. Conversie","DBC",2014,2
"GM0777","Den Bosch","E.C. Tics","DBC",2014,1
"GM0777","Rotterdam","Breda","BGGZ",2014,20
"GM0777","Rotterdam","Breda","DBC",2014,15
"GM0779","Rotterdam","Breda","BGGZ",2014,3
"GM0779","Rotterdam","Breda","DBC",2014,2
"GM0784","Rotterdam","Breda","BGGZ",2014,8
"GM0784","Rotterdam","Breda","DBC",2014,6
"GM0785","Eindhoven","Eindhoven","BGGZ",2014,1
"GM0785","Rotterdam","Breda","BGGZ",2014,1
"GM0786","Den Bosch","Nijmegen","BGGZ",2014,4
"GM0786","Den Bosch","Nijmegen","DBC",2014,3
"GM0788","Den Bosch","Den Bosch","DBC",2014,1
"GM0788","Den Bosch","E.C. Tics","DBC",2014,1
"GM0788","Eindhoven","Eindhoven","BGGZ",2014,1
"GM0794","Eindhoven","Eindhoven","BGGZ",2014,15
"GM0794","Eindhoven","Eindhoven","DBC",2014,24
"GM0794","Utrecht","E.C. Conversie","DBC",2014,2
"GM0796","Amsterdam","Amsterdam","BGGZ",2014,1
"GM0796","Amsterdam","Amsterdam","DBC",2014,1
"GM0796","Den Bosch","Den Bosch","BGGZ",2014,201
"GM0796","Den Bosch","Den Bosch","DBC",2014,93
"GM0796","Den Bosch","E.C. Tics","DBC",2014,3
"GM0796","Den Bosch","Expertisecentrum Tics","BGGZ",2014,2
"GM0796","Den Bosch","Nijmegen","BGGZ",2014,1
"GM0796","Den Haag","Leiden","BGGZ",2014,1
"GM0796","Eindhoven","Eindhoven","BGGZ",2014,3
"GM0796","Eindhoven","Eindhoven","DBC",2014,3
"GM0796","Eindhoven","Maastricht","BGGZ",2014,1
"GM0796","Utrecht","Utrecht","BGGZ",2014,1
"GM0797","Den Bosch","Den Bosch","BGGZ",2014,55
"GM0797","Den Bosch","Den Bosch","DBC",2014,34
"GM0797","Den Bosch","E.C. Tics","DBC",2014,1
"GM0797","Den Bosch","Oss","BGGZ",2014,1
"GM0797","Eindhoven","Heerlen","BGGZ",2014,3
"GM0797","Eindhoven","Maastricht","DBC",2014,1
"GM0797","Rotterdam","Dordrecht","DBC",2014,1
"GM0798","Eindhoven","Eindhoven","DBC",2014,1
"GM0798","Rotterdam","Breda","BGGZ",2014,1
"GM0798","Rotterdam","Breda","DBC",2014,1
"GM0809","Den Bosch","Den Bosch","BGGZ",2014,4
"GM0809","Den Bosch","Den Bosch","DBC",2014,4
"GM0815","Den Bosch","Nijmegen","DBC",2014,1
"GM0815","Den Bosch","Oss","BGGZ",2014,1
"GM0820","Eindhoven","Eindhoven","BGGZ",2014,14
"GM0820","Eindhoven","Eindhoven","DBC",2014,7
"GM0823","Eindhoven","Eindhoven","BGGZ",2014,5
"GM0823","Eindhoven","Eindhoven","DBC",2014,2
"GM0823","Utrecht","HSK Expertise Conversie","BGGZ",2014,1
"GM0824","Den Bosch","Den Bosch","BGGZ",2014,1
"GM0824","Rotterdam","Breda","BGGZ",2014,1
"GM0826","Den Bosch","E.C. Tics","DBC",2014,2
"GM0826","Rotterdam","Breda","BGGZ",2014,19
"GM0826","Rotterdam","Breda","DBC",2014,14
"GM0828","Arnhem","Arnhem","DBC",2014,1
"GM0828","Den Bosch","Den Bosch","BGGZ",2014,6
"GM0828","Den Bosch","Den Bosch","DBC",2014,3
"GM0828","Den Bosch","E.C. Tics","DBC",2014,3
"GM0828","Den Bosch","Nijmegen","BGGZ",2014,1
"GM0828","Den Bosch","Oss","BGGZ",2014,57
"GM0828","Den Bosch","Oss","DBC",2014,38
"GM0840","Rotterdam","Breda","BGGZ",2014,5
"GM0840","Rotterdam","Breda","DBC",2014,6
"GM0840","Utrecht","E.C. Conversie","DBC",2014,1
"GM0844","Den Bosch","Den Bosch","BGGZ",2014,5
"GM0844","Den Bosch","Den Bosch","DBC",2014,1
"GM0844","Den Bosch","E.C. Tics","DBC",2014,1
"GM0844","Den Bosch","Oss","BGGZ",2014,1
"GM0844","Eindhoven","Eindhoven","BGGZ",2014,2
"GM0845","Den Bosch","Den Bosch","BGGZ",2014,68
"GM0845","Den Bosch","Den Bosch","DBC",2014,27
"GM0845","Den Bosch","E.C. Tics","DBC",2014,2
"GM0845","Den Bosch","Oss","BGGZ",2014,2
"GM0845","Den Bosch","Oss","DBC",2014,2
"GM0845","Den Haag","Den Haag","BGGZ",2014,1
"GM0846","Den Bosch","Den Bosch","BGGZ",2014,1
"GM0846","Eindhoven","Eindhoven","BGGZ",2014,2
"GM0846","Eindhoven","Eindhoven","DBC",2014,2
"GM0847","Den Bosch","E.C. Tics","DBC",2014,1
"GM0847","Eindhoven","Eindhoven","BGGZ",2014,5
"GM0847","Eindhoven","Eindhoven","DBC",2014,4
"GM0848","Eindhoven","Eindhoven","BGGZ",2014,5
"GM0848","Eindhoven","Eindhoven","DBC",2014,2
"GM0851","Rotterdam","Breda","BGGZ",2014,1
"GM0851","Rotterdam","Breda","DBC",2014,1
"GM0851","Rotterdam","Goes","BGGZ",2014,1
"GM0852","Amsterdam","Amsterdam","BGGZ",2014,2
"GM0852","Amsterdam","Amsterdam","DBC",2014,3
"GM0852","Amsterdam","Zaandam","BGGZ",2014,1
"GM0852","Den Bosch","E.C. Tics","DBC",2014,1
"GM0852","Utrecht","E.C. Conversie","DBC",2014,1
"GM0855","Den Bosch","Den Bosch","BGGZ",2014,7
"GM0855","Den Bosch","Den Bosch","DBC",2014,5
"GM0855","Eindhoven","Eindhoven","BGGZ",2014,4
"GM0855","Eindhoven","Eindhoven","DBC",2014,5
"GM0855","Rotterdam","Breda","BGGZ",2014,20
"GM0855","Rotterdam","Breda","DBC",2014,24
"GM0856","Den Bosch","Den Bosch","BGGZ",2014,3
"GM0856","Den Bosch","Den Bosch","DBC",2014,3
"GM0856","Den Bosch","Oss","BGGZ",2014,5
"GM0856","Den Bosch","Oss","DBC",2014,3
"GM0856","Eindhoven","Eindhoven","BGGZ",2014,2
"GM0858","Den Bosch","E.C. Tics","DBC",2014,1
"GM0858","Den Bosch","Nijmegen","BGGZ",2014,1
"GM0858","Den Bosch","Nijmegen","DBC",2014,1
"GM0858","Eindhoven","Eindhoven","BGGZ",2014,14
"GM0858","Eindhoven","Eindhoven","DBC",2014,8
"GM0858","Rotterdam","Breda","BGGZ",2014,1
"GM0858","Rotterdam","Breda","DBC",2014,1
"GM0860","Den Bosch","Den Bosch","BGGZ",2014,1
"GM0860","Eindhoven","Eindhoven","BGGZ",2014,4
"GM0860","Eindhoven","Eindhoven","DBC",2014,1
"GM0861","Eindhoven","Eindhoven","BGGZ",2014,28
"GM0861","Eindhoven","Eindhoven","DBC",2014,13
"GM0861","Eindhoven","Expertisecentrum Kinderen Eindhoven","BGGZ",2014,1
"GM0865","Den Bosch","Den Bosch","BGGZ",2014,8
"GM0865","Den Bosch","Den Bosch","DBC",2014,6
"GM0865","Eindhoven","Eindhoven","BGGZ",2014,1
"GM0866","Eindhoven","Eindhoven","BGGZ",2014,3
"GM0866","Eindhoven","Eindhoven","DBC",2014,4
"GM0866","Utrecht","E.C. Conversie","DBC",2014,1
"GM0867","Den Bosch","Den Bosch","BGGZ",2014,10
"GM0867","Den Bosch","Den Bosch","DBC",2014,6
"GM0867","Eindhoven","Eindhoven","BGGZ",2014,1
"GM0867","Rotterdam","Breda","BGGZ",2014,1
"GM0867","Rotterdam","Breda","DBC",2014,1
"GM0870","Den Bosch","Den Bosch","DBC",2014,1
"GM0870","Rotterdam","Breda","BGGZ",2014,2
"GM0870","Rotterdam","Breda","DBC",2014,1
"GM0870","Rotterdam","Dordrecht","BGGZ",2014,1
"GM0873","Rotterdam","Breda","BGGZ",2014,3
"GM0873","Rotterdam","Breda","DBC",2014,1
"GM0873","Rotterdam","Goes","BGGZ",2014,1
"GM0873","Rotterdam","Goes","DBC",2014,1
"GM0874","Den Bosch","E.C. Tics","DBC",2014,2
"GM0874","Den Bosch","Expertisecentrum Tics","BGGZ",2014,1
"GM0874","Rotterdam","Breda","BGGZ",2014,1
"GM0874","Rotterdam","Breda","DBC",2014,2
"GM0874","Utrecht","E.C. Conversie","DBC",2014,1
"GM0879","Rotterdam","Breda","BGGZ",2014,4
"GM0879","Rotterdam","Breda","DBC",2014,9
"GM0880","Amsterdam","Zaandam","BGGZ",2014,3
"GM0880","Amsterdam","Zaandam","DBC",2014,2
"GM0881","Eindhoven","Heerlen","BGGZ",2014,2
"GM0881","Eindhoven","Heerlen","DBC",2014,4
"GM0882","Eindhoven","Heerlen","BGGZ",2014,13
"GM0882","Eindhoven","Heerlen","DBC",2014,4
"GM0882","Eindhoven","Maastricht","BGGZ",2014,2
"GM0888","Eindhoven","Heerlen","BGGZ",2014,2
"GM0888","Eindhoven","Maastricht","BGGZ",2014,2
"GM0888","Eindhoven","Maastricht","DBC",2014,1
"GM0893","Den Bosch","Nijmegen","DBC",2014,1
"GM0899","Eindhoven","Heerlen","BGGZ",2014,15
"GM0899","Eindhoven","Heerlen","DBC",2014,2
"GM0899","Eindhoven","Maastricht","DBC",2014,1
"GM0907","Den Bosch","Den Bosch","BGGZ",2014,1
"GM0907","Den Bosch","Nijmegen","BGGZ",2014,5
"GM0907","Den Bosch","Nijmegen","DBC",2014,2
"GM0917","Eindhoven","Heerlen","BGGZ",2014,42
"GM0917","Eindhoven","Heerlen","DBC",2014,34
"GM0917","Eindhoven","Maastricht","DBC",2014,4
"GM0928","Eindhoven","Eindhoven","BGGZ",2014,1
"GM0928","Eindhoven","Heerlen","BGGZ",2014,19
"GM0928","Eindhoven","Heerlen","DBC",2014,19
"GM0928","Eindhoven","Maastricht","BGGZ",2014,2
"GM0928","Eindhoven","Maastricht","DBC",2014,2
"GM0935","Den Bosch","E.C. Tics","DBC",2014,1
"GM0935","Eindhoven","Heerlen","BGGZ",2014,2
"GM0935","Eindhoven","Maastricht","BGGZ",2014,36
"GM0935","Eindhoven","Maastricht","DBC",2014,15
"GM0938","Eindhoven","Heerlen","BGGZ",2014,1
"GM0938","Eindhoven","Maastricht","BGGZ",2014,4
"GM0938","Eindhoven","Maastricht","DBC",2014,2
"GM0944","Den Bosch","Nijmegen","BGGZ",2014,1
"GM0944","Den Bosch","Nijmegen","DBC",2014,2
"GM0951","Eindhoven","Heerlen","BGGZ",2014,4
"GM0951","Eindhoven","Heerlen","DBC",2014,1
"GM0957","Eindhoven","Eindhoven","DBC",2014,3
"GM0957","Eindhoven","Heerlen","BGGZ",2014,3
"GM0957","Eindhoven","Heerlen","DBC",2014,1
"GM0957","Eindhoven","Maastricht","BGGZ",2014,3
"GM0962","Eindhoven","Heerlen","BGGZ",2014,3
"GM0965","Eindhoven","Heerlen","DBC",2014,1
"GM0971","Den Bosch","E.C. Tics","DBC",2014,1
"GM0971","Eindhoven","Heerlen","BGGZ",2014,2
"GM0971","Eindhoven","Heerlen","DBC",2014,1
"GM0971","Eindhoven","Maastricht","BGGZ",2014,7
"GM0971","Eindhoven","Maastricht","DBC",2014,2
"GM0981","Eindhoven","Heerlen","DBC",2014,1
"GM0983","Den Bosch","E.C. Tics","DBC",2014,1
"GM0983","Den Bosch","Nijmegen","DBC",2014,2
"GM0983","Eindhoven","Eindhoven","BGGZ",2014,8
"GM0983","Eindhoven","Eindhoven","DBC",2014,8
"GM0983","Eindhoven","Maastricht","BGGZ",2014,1
"GM0983","Utrecht","E.C. Conversie","DBC",2014,1
"GM0984","Den Bosch","Nijmegen","DBC",2014,5
"GM0984","Eindhoven","Eindhoven","DBC",2014,1
"GM0984","Utrecht","E.C. Conversie","DBC",2014,1
"GM0986","Eindhoven","Heerlen","BGGZ",2014,5
"GM0986","Eindhoven","Heerlen","DBC",2014,4
"GM0988","Den Bosch","E.C. Tics","DBC",2014,1
"GM0988","Den Bosch","Expertisecentrum Tics","BGGZ",2014,2
"GM0988","Eindhoven","Eindhoven","BGGZ",2014,9
"GM0988","Eindhoven","Eindhoven","DBC",2014,8
"GM0988","Eindhoven","Maastricht","BGGZ",2014,1
"GM0988","Utrecht","E.C. Conversie","DBC",2014,1
"GM0994","Eindhoven","Heerlen","BGGZ",2014,3
"GM0994","Eindhoven","Maastricht","BGGZ",2014,3
"GM0994","Eindhoven","Maastricht","DBC",2014,1
"GM0995","Amsterdam","Amsterdam","DBC",2014,4
"GM0995","Utrecht","Amersfoort","BGGZ",2014,2
"GM0995","Utrecht","E.C. Conversie","DBC",2014,1
"GM0995","Utrecht","Utrecht","BGGZ",2014,4
"GM0995","Zwolle","Zwolle","BGGZ",2014,8
"GM0995","Zwolle","Zwolle","DBC",2014,9
"GM1507","Eindhoven","Eindhoven","DBC",2014,1
"GM1507","Utrecht","E.C. Conversie","DBC",2014,1
"GM1509","Arnhem","Arnhem","BGGZ",2014,1
"GM1509","Arnhem","Arnhem","DBC",2014,2
"GM1509","Arnhem","Doetinchem","BGGZ",2014,26
"GM1509","Arnhem","Doetinchem","DBC",2014,11
"GM1509","Arnhem","Hengelo","DBC",2014,1
"GM1525","Den Bosch","E.C. Tics","DBC",2014,1
"GM1525","Den Haag","Den Haag","DBC",2014,1
"GM1525","Den Haag","Leiden","BGGZ",2014,11
"GM1525","Den Haag","Leiden","DBC",2014,5
"GM1581","Arnhem","Ede","DBC",2014,2
"GM1581","Utrecht","Amersfoort","BGGZ",2014,4
"GM1581","Utrecht","Amersfoort","DBC",2014,1
"GM1581","Utrecht","E.C. Conversie","DBC",2014,1
"GM1581","Utrecht","Utrecht","BGGZ",2014,3
"GM1581","Utrecht","Utrecht","DBC",2014,3
"GM1586","Arnhem","Doetinchem","BGGZ",2014,7
"GM1586","Arnhem","Doetinchem","DBC",2014,5
"GM1586","Arnhem","Hengelo","DBC",2014,1
"GM1586","Den Bosch","E.C. Tics","DBC",2014,1
"GM1586","Utrecht","E.C. Conversie","DBC",2014,1
"GM1598","Amsterdam","Alkmaar","BGGZ",2014,3
"GM1598","Amsterdam","Alkmaar","DBC",2014,1
"GM1621","Den Haag","Delft","BGGZ",2014,4
"GM1621","Den Haag","Delft","DBC",2014,4
"GM1621","Den Haag","Den Haag","BGGZ",2014,1
"GM1621","Den Haag","Den Haag","DBC",2014,1
"GM1621","Den Haag","Zoetermeer","BGGZ",2014,43
"GM1621","Den Haag","Zoetermeer","DBC",2014,12
"GM1621","Rotterdam","Rotterdam","BGGZ",2014,2
"GM1621","Rotterdam","Rotterdam","DBC",2014,2
"GM1621","Utrecht","Utrecht","DBC",2014,1
"GM1640","Eindhoven","Eindhoven","BGGZ",2014,2
"GM1640","Eindhoven","Eindhoven","DBC",2014,1
"GM1640","Eindhoven","Maastricht","BGGZ",2014,1
"GM1641","Eindhoven","Eindhoven","BGGZ",2014,2
"GM1641","Eindhoven","Eindhoven","DBC",2014,1
"GM1641","Eindhoven","Heerlen","DBC",2014,1
"GM1641","Eindhoven","Maastricht","BGGZ",2014,1
"GM1641","Eindhoven","Maastricht","DBC",2014,1
"GM1641","Utrecht","E.C. Conversie","DBC",2014,1
"GM1651","Utrecht","Amersfoort","DBC",2014,1
"GM1651","Zwolle","Groningen","BGGZ",2014,2
"GM1652","Eindhoven","Eindhoven","BGGZ",2014,4
"GM1652","Eindhoven","Eindhoven","DBC",2014,5
"GM1655","Rotterdam","Breda","BGGZ",2014,2
"GM1655","Rotterdam","Breda","DBC",2014,1
"GM1658","Eindhoven","Eindhoven","BGGZ",2014,3
"GM1658","Eindhoven","Eindhoven","DBC",2014,5
"GM1659","Den Bosch","Den Bosch","BGGZ",2014,1
"GM1659","Eindhoven","Eindhoven","BGGZ",2014,6
"GM1659","Eindhoven","Eindhoven","DBC",2014,5
"GM1663","Zwolle","Groningen","BGGZ",2014,2
"GM1663","Zwolle","Groningen","DBC",2014,1
"GM1663","Zwolle","Leeuwarden","BGGZ",2014,1
"GM1667","Eindhoven","Eindhoven","BGGZ",2014,4
"GM1667","Eindhoven","Eindhoven","DBC",2014,3
"GM1669","Eindhoven","Heerlen","DBC",2014,1
"GM1669","Eindhoven","Maastricht","BGGZ",2014,1
"GM1669","Eindhoven","Maastricht","DBC",2014,1
"GM1671","Den Bosch","Den Bosch","BGGZ",2014,2
"GM1671","Den Bosch","Oss","BGGZ",2014,2
"GM1672","Den Haag","Delft","DBC",2014,1
"GM1672","Den Haag","Leiden","BGGZ",2014,9
"GM1672","Den Haag","Leiden","DBC",2014,4
"GM1672","Den Haag","Zoetermeer","BGGZ",2014,2
"GM1672","Den Haag","Zoetermeer","DBC",2014,1
"GM1672","Utrecht","E.C. Conversie","DBC",2014,1
"GM1674","Den Bosch","Expertisecentrum Tics","BGGZ",2014,1
"GM1674","Rotterdam","Breda","BGGZ",2014,9
"GM1674","Rotterdam","Breda","DBC",2014,11
"GM1674","Rotterdam","Dordrecht","BGGZ",2014,1
"GM1674","Rotterdam","Rotterdam","BGGZ",2014,1
"GM1676","Den Bosch","Den Bosch","BGGZ",2014,1
"GM1676","Rotterdam","Goes","BGGZ",2014,6
"GM1676","Rotterdam","Goes","DBC",2014,2
"GM1680","Zwolle","Assen","BGGZ",2014,3
"GM1680","Zwolle","Assen","DBC",2014,2
"GM1680","Zwolle","Groningen","BGGZ",2014,2
"GM1680","Zwolle","Groningen","DBC",2014,1
"GM1681","Zwolle","Assen","BGGZ",2014,2
"GM1681","Zwolle","Assen","DBC",2014,1
"GM1681","Zwolle","Groningen","BGGZ",2014,1
"GM1684","Den Bosch","Nijmegen","BGGZ",2014,9
"GM1684","Den Bosch","Nijmegen","DBC",2014,5
"GM1685","Den Bosch","Den Bosch","BGGZ",2014,1
"GM1685","Den Bosch","Nijmegen","BGGZ",2014,1
"GM1685","Den Bosch","Oss","BGGZ",2014,2
"GM1685","Den Bosch","Oss","DBC",2014,2
"GM1685","Eindhoven","Eindhoven","BGGZ",2014,1
"GM1690","Utrecht","Utrecht","BGGZ",2014,1
"GM1690","Zwolle","Hoogeveen","BGGZ",2014,14
"GM1690","Zwolle","Hoogeveen","DBC",2014,2
"GM1690","Zwolle","Zwolle","BGGZ",2014,1
"GM1690","Zwolle","Zwolle","DBC",2014,1
"GM1695","Rotterdam","Goes","BGGZ",2014,7
"GM1695","Rotterdam","Goes","DBC",2014,6
"GM1696","Amsterdam","Amsterdam","BGGZ",2014,1
"GM1696","Utrecht","Amersfoort","BGGZ",2014,1
"GM1696","Utrecht","Utrecht","DBC",2014,1
"GM1699","Zwolle","Assen","BGGZ",2014,1
"GM1699","Zwolle","Groningen","DBC",2014,2
"GM1699","Zwolle","Leeuwarden","BGGZ",2014,1
"GM1700","Arnhem","Hengelo","BGGZ",2014,4
"GM1700","Arnhem","Hengelo","DBC",2014,1
"GM1700","Zwolle","Zwolle","BGGZ",2014,1
"GM1701","Den Bosch","E.C. Tics","DBC",2014,2
"GM1701","Zwolle","Assen","BGGZ",2014,2
"GM1701","Zwolle","Assen","DBC",2014,1
"GM1701","Zwolle","Hoogeveen","BGGZ",2014,6
"GM1701","Zwolle","Hoogeveen","DBC",2014,2
"GM1701","Zwolle","Zwolle","BGGZ",2014,2
"GM1701","Zwolle","Zwolle","DBC",2014,1
"GM1702","Den Bosch","Nijmegen","BGGZ",2014,3
"GM1705","Arnhem","Arnhem","BGGZ",2014,13
"GM1705","Arnhem","Arnhem","DBC",2014,18
"GM1705","Arnhem","Doetinchem","DBC",2014,1
"GM1705","Den Bosch","Nijmegen","BGGZ",2014,6
"GM1705","Den Bosch","Nijmegen","DBC",2014,4
"GM1705","Utrecht","E.C. Conversie","DBC",2014,1
"GM1705","Zwolle","Hoogeveen","BGGZ",2014,1
"GM1706","Den Bosch","E.C. Tics","DBC",2014,2
"GM1706","Den Bosch","Nijmegen","DBC",2014,1
"GM1706","Eindhoven","Eindhoven","BGGZ",2014,6
"GM1706","Eindhoven","Eindhoven","DBC",2014,4
"GM1708","Den Bosch","E.C. Tics","DBC",2014,1
"GM1708","Zwolle","Hoogeveen","BGGZ",2014,2
"GM1708","Zwolle","Leeuwarden","DBC",2014,1
"GM1708","Zwolle","Zwolle","BGGZ",2014,11
"GM1708","Zwolle","Zwolle","DBC",2014,5
"GM1709","Rotterdam","Breda","BGGZ",2014,14
"GM1709","Rotterdam","Breda","DBC",2014,6
"GM1709","Rotterdam","Rotterdam","DBC",2014,1
"GM1711","Eindhoven","Heerlen","BGGZ",2014,1
"GM1711","Eindhoven","Heerlen","DBC",2014,1
"GM1711","Eindhoven","Maastricht","BGGZ",2014,2
"GM1711","Eindhoven","Maastricht","DBC",2014,1
"GM1719","Arnhem","Hengelo","DBC",2014,1
"GM1719","Rotterdam","Breda","BGGZ",2014,7
"GM1719","Rotterdam","Breda","DBC",2014,3
"GM1721","Den Bosch","Den Bosch","BGGZ",2014,3
"GM1721","Den Bosch","Den Bosch","DBC",2014,4
"GM1721","Den Bosch","Nijmegen","DBC",2014,1
"GM1721","Den Bosch","Oss","BGGZ",2014,27
"GM1721","Den Bosch","Oss","DBC",2014,9
"GM1722","Zwolle","Leeuwarden","DBC",2014,1
"GM1723","Rotterdam","Breda","DBC",2014,2
"GM1724","Eindhoven","Eindhoven","BGGZ",2014,3
"GM1724","Eindhoven","Eindhoven","DBC",2014,3
"GM1724","Rotterdam","Breda","BGGZ",2014,1
"GM1724","Utrecht","E.C. Conversie","DBC",2014,1
"GM1728","Eindhoven","Eindhoven","BGGZ",2014,1
"GM1729","Eindhoven","Heerlen","BGGZ",2014,2
"GM1729","Eindhoven","Heerlen","DBC",2014,2
"GM1729","Eindhoven","Maastricht","BGGZ",2014,1
"GM1729","Eindhoven","Maastricht","DBC",2014,1
"GM1730","Zwolle","Assen","BGGZ",2014,2
"GM1730","Zwolle","Assen","DBC",2014,2
"GM1730","Zwolle","Groningen","BGGZ",2014,5
"GM1730","Zwolle","Groningen","DBC",2014,5
"GM1731","Zwolle","Assen","BGGZ",2014,18
"GM1731","Zwolle","Assen","DBC",2014,5
"GM1731","Zwolle","Groningen","BGGZ",2014,1
"GM1731","Zwolle","Groningen","DBC",2014,1
"GM1731","Zwolle","Hoogeveen","BGGZ",2014,8
"GM1731","Zwolle","Hoogeveen","DBC",2014,3
"GM1734","Arnhem","Arnhem","BGGZ",2014,17
"GM1734","Arnhem","Arnhem","DBC",2014,14
"GM1734","Den Bosch","E.C. Tics","DBC",2014,1
"GM1734","Den Bosch","Nijmegen","BGGZ",2014,8
"GM1734","Den Bosch","Nijmegen","DBC",2014,7
"GM1734","Utrecht","E.C. Conversie","DBC",2014,1
"GM1735","Arnhem","Hengelo","BGGZ",2014,8
"GM1735","Arnhem","Hengelo","DBC",2014,4
"GM1740","Arnhem","Ede","BGGZ",2014,2
"GM1740","Utrecht","Amersfoort","DBC",2014,1
"GM1740","Utrecht","E.C. Conversie","DBC",2014,1
"GM1742","Arnhem","Arnhem","BGGZ",2014,1
"GM1742","Arnhem","Arnhem","DBC",2014,1
"GM1742","Arnhem","Ede","BGGZ",2014,1
"GM1742","Arnhem","Ede","DBC",2014,1
"GM1742","Arnhem","Hengelo","BGGZ",2014,2
"GM1742","Arnhem","Hengelo","DBC",2014,2
"GM1742","Den Bosch","E.C. Tics","DBC",2014,1
"GM1771","Amsterdam","Amsterdam","BGGZ",2014,1
"GM1771","Eindhoven","Eindhoven","BGGZ",2014,25
"GM1771","Eindhoven","Eindhoven","DBC",2014,22
"GM1771","Eindhoven","Expertisecentrum Kinderen Eindhoven","BGGZ",2014,1
"GM1773","Zwolle","Zwolle","BGGZ",2014,2
"GM1773","Zwolle","Zwolle","DBC",2014,5
"GM1774","Arnhem","Hengelo","BGGZ",2014,6
"GM1774","Arnhem","Hengelo","DBC",2014,1
"GM1783","Den Bosch","E.C. Tics","DBC",2014,4
"GM1783","Den Bosch","Expertisecentrum Tics","BGGZ",2014,1
"GM1783","Den Haag","Delft","BGGZ",2014,14
"GM1783","Den Haag","Delft","DBC",2014,13
"GM1783","Den Haag","Den Haag","BGGZ",2014,2
"GM1783","Den Haag","Den Haag","DBC",2014,5
"GM1783","Den Haag","Leiden","DBC",2014,1
"GM1783","Den Haag","Zoetermeer","DBC",2014,1
"GM1783","Rotterdam","Rotterdam","BGGZ",2014,1
"GM1783","Utrecht","E.C. Conversie","DBC",2014,1
"GM1842","Den Haag","Delft","BGGZ",2014,37
"GM1842","Den Haag","Delft","DBC",2014,12
"GM1842","Rotterdam","Rotterdam","BGGZ",2014,1
"GM1842","Rotterdam","Rotterdam","DBC",2014,1
"GM1842","Utrecht","E.C. Conversie","DBC",2014,1
"GM1859","Arnhem","Arnhem","BGGZ",2014,1
"GM1859","Arnhem","Arnhem","DBC",2014,1
"GM1859","Arnhem","Doetinchem","BGGZ",2014,2
"GM1859","Arnhem","Hengelo","BGGZ",2014,6
"GM1859","Arnhem","Hengelo","DBC",2014,3
"GM1876","Arnhem","Doetinchem","BGGZ",2014,9
"GM1876","Arnhem","Doetinchem","DBC",2014,9
"GM1883","Eindhoven","Eindhoven","DBC",2014,1
"GM1883","Eindhoven","Heerlen","BGGZ",2014,19
"GM1883","Eindhoven","Heerlen","DBC",2014,5
"GM1883","Eindhoven","Maastricht","BGGZ",2014,12
"GM1883","Eindhoven","Maastricht","DBC",2014,5
"GM1884","Amsterdam","Amsterdam","DBC",2014,1
"GM1884","Den Haag","Den Haag","BGGZ",2014,1
"GM1884","Den Haag","Leiden","BGGZ",2014,10
"GM1891","Zwolle","Leeuwarden","DBC",2014,1
"GM1892","Den Bosch","E.C. Tics","DBC",2014,1
"GM1892","Den Haag","Den Haag","BGGZ",2014,1
"GM1892","Den Haag","Zoetermeer","BGGZ",2014,5
"GM1892","Den Haag","Zoetermeer","DBC",2014,1
"GM1892","Rotterdam","Rotterdam","BGGZ",2014,2
"GM1892","Rotterdam","Rotterdam","DBC",2014,1
"GM1892","Utrecht","Amersfoort","BGGZ",2014,2
"GM1892","Utrecht","E.C. Conversie","DBC",2014,1
"GM1894","Eindhoven","Eindhoven","BGGZ",2014,5
"GM1894","Eindhoven","Eindhoven","DBC",2014,5
"GM1894","Eindhoven","Heerlen","BGGZ",2014,1
"GM1894","Eindhoven","Maastricht","BGGZ",2014,1
"GM1895","Zwolle","Groningen","BGGZ",2014,1
"GM1895","Zwolle","Groningen","DBC",2014,1
"GM1896","Zwolle","Zwolle","BGGZ",2014,13
"GM1896","Zwolle","Zwolle","DBC",2014,7
"GM1900","Zwolle","Groningen","DBC",2014,1
"GM1900","Zwolle","Leeuwarden","BGGZ",2014,7
"GM1900","Zwolle","Leeuwarden","DBC",2014,4
"GM1900","Zwolle","Zwolle","BGGZ",2014,1
"GM1900","Zwolle","Zwolle","DBC",2014,1
"GM1901","Den Haag","Leiden","BGGZ",2014,1
"GM1901","Den Haag","Leiden","DBC",2014,1
"GM1901","Den Haag","Zoetermeer","BGGZ",2014,3
"GM1901","Den Haag","Zoetermeer","DBC",2014,3
"GM1901","Utrecht","E.C. Conversie","DBC",2014,2
"GM1903","Eindhoven","Heerlen","BGGZ",2014,1
"GM1903","Eindhoven","Maastricht","BGGZ",2014,8
"GM1903","Eindhoven","Maastricht","DBC",2014,2
"GM1904","Amsterdam","Amsterdam","BGGZ",2014,1
"GM1904","Eindhoven","Maastricht","BGGZ",2014,1
"GM1904","Utrecht","E.C. Conversie","DBC",2014,2
"GM1904","Utrecht","Utrecht","BGGZ",2014,6
"GM1904","Utrecht","Utrecht","DBC",2014,11
"GM1908","Zwolle","Leeuwarden","BGGZ",2014,2
"GM1911","Amsterdam","Alkmaar","BGGZ",2014,2
"GM1911","Amsterdam","Alkmaar","DBC",2014,3
"GM1911","Utrecht","Utrecht","BGGZ",2014,1
"GM1911","Zwolle","Hoogeveen","DBC",2014,1
"GM1916","Den Bosch","E.C. Tics","DBC",2014,7
"GM1916","Den Haag","Den Haag","BGGZ",2014,24
"GM1916","Den Haag","Den Haag","DBC",2014,16
"GM1916","Den Haag","Leiden","DBC",2014,2
"GM1916","Den Haag","Zoetermeer","DBC",2014,1
"GM1924","Den Bosch","E.C. Tics","DBC",2014,1
"GM1924","Rotterdam","Breda","BGGZ",2014,1
"GM1924","Rotterdam","Breda","DBC",2014,1
"GM1924","Rotterdam","Dordrecht","BGGZ",2014,1
"GM1924","Rotterdam","Dordrecht","DBC",2014,1
"GM1924","Rotterdam","Goes","BGGZ",2014,3
"GM1924","Rotterdam","Rotterdam","BGGZ",2014,3
"GM1924","Rotterdam","Rotterdam","DBC",2014,2
"GM1924","Utrecht","E.C. Conversie","DBC",2014,1
"GM1926","Den Bosch","E.C. Tics","DBC",2014,1
"GM1926","Den Haag","Delft","BGGZ",2014,21
"GM1926","Den Haag","Delft","DBC",2014,12
"GM1926","Den Haag","Den Haag","BGGZ",2014,7
"GM1926","Den Haag","Den Haag","DBC",2014,1
"GM1926","Den Haag","Zoetermeer","BGGZ",2014,4
"GM1926","Den Haag","Zoetermeer","DBC",2014,4
"GM1927","Den Haag","Delft","BGGZ",2014,1
"GM1927","Rotterdam","Dordrecht","BGGZ",2014,2
"GM1955","Arnhem","Arnhem","DBC",2014,2
"GM1955","Arnhem","Doetinchem","BGGZ",2014,14
"GM1955","Arnhem","Doetinchem","DBC",2014,12
"GM1987","Zwolle","Groningen","BGGZ",2014,1
"GM1987","Zwolle","Groningen","DBC",2014,2
"GMNA","Amsterdam","Alkmaar","BGGZ",2014,2
"GMNA","Amsterdam","Amsterdam","BGGZ",2014,1
"GMNA","Amsterdam","Zaandam","DBC",2014,2
"GMNA","Arnhem","Arnhem","BGGZ",2014,2
"GMNA","Arnhem","Arnhem","DBC",2014,3
"GMNA","Arnhem","Doetinchem","BGGZ",2014,4
"GMNA","Arnhem","Doetinchem","DBC",2014,3
"GMNA","Arnhem","Hengelo","DBC",2014,1
"GMNA","Den Bosch","Den Bosch","BGGZ",2014,1
"GMNA","Den Bosch","Nijmegen","BGGZ",2014,4
"GMNA","Den Bosch","Nijmegen","DBC",2014,6
"GMNA","Den Haag","Delft","BGGZ",2014,2
"GMNA","Den Haag","Den Haag","DBC",2014,2
"GMNA","Den Haag","Zoetermeer","DBC",2014,1
"GMNA","Eindhoven","Eindhoven","BGGZ",2014,5
"GMNA","Eindhoven","Eindhoven","DBC",2014,7
"GMNA","Eindhoven","Heerlen","BGGZ",2014,2
"GMNA","Eindhoven","Heerlen","DBC",2014,1
"GMNA","Eindhoven","Maastricht","BGGZ",2014,7
"GMNA","Eindhoven","Maastricht","DBC",2014,8
"GMNA","Rotterdam","Breda","BGGZ",2014,4
"GMNA","Rotterdam","Breda","DBC",2014,4
"GMNA","Rotterdam","Dordrecht","BGGZ",2014,1
"GMNA","Rotterdam","Dordrecht","DBC",2014,3
"GMNA","Rotterdam","Goes","DBC",2014,1
"GMNA","Rotterdam","Rotterdam","DBC",2014,1
"GMNA","Utrecht","Amersfoort","DBC",2014,1
"GMNA","Utrecht","E.C. Conversie","DBC",2014,3
"GMNA","Utrecht","Utrecht","DBC",2014,2
"GMNA","Zwolle","Groningen","BGGZ",2014,2
"GMNA","Zwolle","Groningen","DBC",2014,1
"GMNA","Zwolle","Hoogeveen","BGGZ",2014,2
"GMNA","Zwolle","Hoogeveen","DBC",2014,1
"GMNA","Zwolle","Zwolle","BGGZ",2014,1
"GMNA","Zwolle","Zwolle","DBC",2014,1
